grain_size,T1-A_interpolated,T1-B_interpolated,T1-C_interpolated,T1-D_interpolated,T2-A_interpolated,T2-B_interpolated,T3-C_interpolated,T3-D_interpolated,T5-A_interpolated,T5-B_interpolated,T5-C_interpolated,T5-D_interpolated,T6-B_interpolated,T6-C_interpolated,T6-D_interpolated,T7-A_interpolated,T7-B_interpolated,T7-C_interpolated,T7-D_interpolated,T8-A_interpolated,T8-C_interpolated,T8-D_interpolated,T1-A_interpolated_kde,T1-B_interpolated_kde,T1-C_interpolated_kde,T1-D_interpolated_kde,T2-A_interpolated_kde,T2-B_interpolated_kde,T3-C_interpolated_kde,T3-D_interpolated_kde,T5-A_interpolated_kde,T5-B_interpolated_kde,T5-C_interpolated_kde,T5-D_interpolated_kde,T6-B_interpolated_kde,T6-C_interpolated_kde,T6-D_interpolated_kde,T7-A_interpolated_kde,T7-B_interpolated_kde,T7-C_interpolated_kde,T7-D_interpolated_kde,T8-A_interpolated_kde,T8-C_interpolated_kde,T8-D_interpolated_kde
0.37,0.0002071834488065863,0.00021650709025418057,0.0002056376919702283,0.0003841727176330988,0.00018700937651834417,0.00010375422382749465,0.000374513955228382,0.0001868814895826944,0.00019007806081946824,0.00021465527568145624,0.00041522405564328475,0.00023351608272316335,0.00020853731391828358,0.0003762684188614007,0.00011672218272569583,0.00018722715945610993,0.0002541364487420642,0.0005638822687652554,0.0002825214836132796,0.0005911255003577744,0.0003548998998038093,0.0002044138380543162,8.620315773763359e-12,4.7381243245904823e-11,6.5301336296718e-09,1.7320976424839968e-06,6.877732180338317e-14,2.709901410932442e-27,4.619209308621349e-06,1.176425627153591e-12,6.573603410289253e-09,4.466897685783731e-08,8.209067454126871e-06,6.770664069445712e-08,1.0903691737466495e-10,1.320634158716216e-06,1.793569385273626e-33,2.9959338920818814e-09,2.692248538915977e-08,3.5993723165318975e-05,2.9478813354740114e-07,8.397060815693052e-05,4.085798250965589e-06,5.699630568094096e-11
0.4073114850845866,0.00020627953675794253,0.00022126517110315636,0.00020860345571707136,0.00039341281714328754,0.0001861543198277781,0.00010570783996375882,0.00038130821028279033,0.00018969046816923416,0.0001993215422729612,0.00022258225568909208,0.0004331409062789474,0.0002470726886835593,0.00021160257657597842,0.000381798025521583,0.00011819151368993166,0.0001978771658387788,0.000263759049899566,0.0005666515293022773,0.0002848391456338526,0.0006191864249895092,0.0003734005340712992,0.00021210608408491727,4.8492665456437486e-11,2.4436021369797093e-10,2.2826378158111154e-08,3.619446410289045e-06,5.686001103575184e-13,1.0738964763515065e-25,8.858063784191845e-06,8.119195434924998e-12,2.2974443182260043e-08,1.3297650919016727e-07,1.4637615765657768e-05,2.0598065625780805e-07,5.628123243832351e-10,2.864732014910314e-06,1.6517107308809934e-31,1.1499540524916604e-08,8.546702974149436e-08,5.659222526493931e-05,7.35891345435622e-07,0.00012343742494701944,7.979197306471387e-06,3.1682000056751523e-10
0.4483855294103011,0.0002076992676334452,0.00022570739303777782,0.0002163761290106267,0.0003995635837664624,0.00018749776512857122,0.00010856764290037686,0.0003927760768573448,0.00019442203471296715,0.0002052784872921956,0.00023632478809203266,0.00044910398452392133,0.0002533004873279475,0.0002199454770707192,0.00039685267769982866,0.000122880994935789,0.00020679098139737945,0.0002744146294971396,0.0005917875919390682,0.00029519885573074434,0.0006552501462232734,0.0003855925008535641,0.0002166035481197216,2.492454890832375e-10,1.1515587099490533e-09,7.396818791053322e-08,7.195331232645175e-06,4.228470963203277e-12,3.724922929272825e-24,1.6225773606895067e-05,5.062532019161126e-11,7.443621995281558e-08,3.6931291471118527e-07,2.511587123891777e-05,5.808986968435113e-07,2.640455818053718e-09,5.8934761378021145e-06,1.2983010513179591e-29,4.066799799088187e-08,2.5198693060505057e-07,8.629021647442794e-05,1.7285288198009362e-06,0.0001765641303315786,1.4859979497233269e-05,1.5933587206841301e-09
0.4936015564176981,0.00021256797145565142,0.00023036169193376256,0.00022665423906286614,0.0004067879583853137,0.00019211107729880778,0.00011295996579785472,0.0004096532197008749,0.00020138952092775114,0.0002123618230670261,0.0002525991366005472,0.0004660703838001442,0.00026185067123341704,0.00023089410802041392,0.0004166083026447153,0.00012885545675215472,0.00021645462012210946,0.00028505262578237594,0.0006290216349233271,0.0003118462608144365,0.0007016103664204769,0.00039996708075094644,0.00022216122662627988,1.1708355676256932e-09,4.9603383178785764e-09,2.2229182343460152e-07,1.3618741380031353e-05,2.829301548004808e-11,1.1309636133126001e-22,2.841552015817105e-05,2.8526608925714057e-10,2.236654523758479e-07,9.573367295261153e-07,4.150205366416551e-05,1.5194936986941497e-06,1.1263753032263998e-08,1.1507753977918035e-05,8.710911710556772e-28,1.3256594560159873e-07,6.903336207289837e-07,0.00012771969249809016,3.822410120877336e-06,0.0002460755230267888,2.641477416539856e-05,7.252957791467202e-09
0.5433772513096108,0.00022192193350466778,0.00023570393887636628,0.00023721109032425123,0.0004191233355143323,0.00020098073434022894,0.00011945901922752824,0.00043264519964282826,0.00021089284847771123,0.0002248301723591217,0.00026829215536729905,0.0004870231923792575,0.00028197610602593854,0.00024187958756003423,0.00043642703150243865,0.00013428658740976515,0.0002292901230789801,0.0002947344633835319,0.0006683505031920317,0.0003330518747058288,0.0007604142352551544,0.0004247461166010087,0.00023283839678596516,5.028284756631233e-09,1.953741465181101e-08,6.198406236985226e-07,2.4564028638275386e-05,1.703791532625809e-10,3.0060190420938016e-21,4.762578042109104e-05,1.4531203480234577e-09,6.235857762322016e-07,2.3175002821913683e-06,6.610271854735894e-05,3.6890355121690905e-06,4.3708764717742806e-08,2.1347707883037663e-05,4.9891154816854337e-26,3.9850383150313085e-07,1.7582597106228006e-06,0.00018369676919856748,7.963075652067665e-06,0.00033461867330284546,4.4864699064987276e-05,2.989594791211769e-08
0.5981724194381032,0.0002342772690616746,0.00024073645222542006,0.0002479363542295015,0.0004370538601228406,0.0002126907213821689,0.00012716382519959105,0.00046160556769839456,0.0002228524039293323,0.00024257498947176075,0.0002851187984775661,0.0005156812122712867,0.0003116560930047588,0.0002532488917414,0.0004569409918675634,0.0001403704006206095,0.00024590895117125567,0.0003056910377934583,0.0007072900169928974,0.00035779000170101566,0.0008296611259484936,0.0004605257459200502,0.0002471550320586474,1.9749678645429257e-08,7.039503973037697e-08,1.6045692916887781e-06,4.2267529673436934e-05,9.237138157399261e-10,6.994995502218133e-20,7.648747441501583e-05,6.694034413113096e-09,1.6140607294034014e-06,5.242463105560117e-06,0.0001015849585754954,8.31933729575034e-06,1.5436981001687655e-07,3.766510433028492e-05,2.4394093577794503e-24,1.1053691355686975e-06,4.166149169526453e-06,0.00025703165327828895,1.5640522196829936e-05,0.00044460277946497666,7.289976069884167e-05,1.116441714443974e-07
0.6584932337783082,0.00024592070332183844,0.00024380858650367387,0.0002610446388761909,0.0004580180225489396,0.00022370659957819436,0.0001340346026992692,0.0004954677711953233,0.00023679785105042156,0.0002614509192595787,0.0003090696540025404,0.0005556194686158542,0.00033854209854383016,0.00026807581665021723,0.0004837058052002289,0.0001508313448343127,0.00026509190360168107,0.00032299942663023697,0.0007516398166394562,0.0003857264983726641,0.0009044071470777448,0.0005002220312713477,0.00025903162299316076,7.097491217446943e-08,2.3214448015791925e-07,3.858752851271459e-06,6.947127478329139e-05,4.510342108093809e-09,1.425224165330599e-18,0.00011787073414340451,2.7900028844140188e-08,3.8811258662805725e-06,1.1090159106704639e-05,0.0001507935751549681,1.7443844746783787e-05,4.96517691189237e-07,6.328872395993851e-05,1.0183141388581756e-22,2.8311084029745564e-06,9.19077581182484e-06,0.0003503024625939439,2.8991242099016006e-05,0.0005780463742474088,0.00011348215479443208,3.7797369170053064e-07
0.7248969107253906,0.0002573666431804745,0.00025060790864333464,0.00027858769302013505,0.00048614411242729934,0.00023457554931219328,0.00014174910395130662,0.0005333499378722022,0.0002524842905959704,0.00028333948814534274,0.0003380716120639505,0.0006032348895750695,0.0003665391110533332,0.0002856462695395533,0.0005153948029928292,0.00016322202013914177,0.0002869436886111666,0.0003467377289073364,0.0008067992991041799,0.0004158631007477891,0.0009920958119268878,0.0005425534794357643,0.00027392900084863677,2.3349432939218133e-07,7.01098822056843e-07,8.6275589667376e-06,0.00010922637488728396,1.9844042290403174e-08,2.5429279503702242e-17,0.00017457474381582538,1.052648385910792e-07,8.67663856625746e-06,2.1959145530321336e-05,0.00021647981599204281,3.404672916236796e-05,1.4554880749028603e-06,0.00010143344102833545,3.6295764506431004e-21,6.700973140973782e-06,1.8894601829699742e-05,0.00046562192155993903,5.0773859305310715e-05,0.0007364401808143971,0.0001695172091844324,1.1609646121811602e-06
0.7979968574075348,0.00027194538281412724,0.00026750934491621313,0.00030231815435084974,0.0005255761333193887,0.0002484574361505267,0.00015283680431441222,0.0005758298208549224,0.00027015679233579145,0.00031105163659487064,0.00036875475517021423,0.0006543771537495731,0.0004032268232141779,0.00030540632759615895,0.0005510064956290723,0.00017435554196406207,0.00031193757683209693,0.0003758779249510806,0.0008770982234456985,0.0004485757444136288,0.0011013760044934354,0.0005895347829595128,0.0002987877345383188,7.036188039869025e-07,1.9405213883959265e-06,1.795108589424753e-05,0.00016455017781330587,7.871074935822314e-08,3.973784364102177e-16,0.00024894277939829963,3.597494320637849e-07,1.805132638221985e-05,4.0741181602278125e-05,0.00030097403135966933,6.194405927941806e-05,3.892001385638409e-06,0.000155337370000544,1.1047294287133662e-19,1.4671711428689437e-05,3.6238802848161895e-05,0.0006044303307709873,8.414012604633832e-05,0.0009206285935117912,0.00024343337120187158,3.2382232881760507e-06
0.8784683380635029,0.0002956649474383248,0.0002923430800108796,0.00033349811522237737,0.0005706753718392794,0.0002707679472991606,0.00016706599073427992,0.0006279868647129436,0.0002913541688229161,0.00034134946341829887,0.0004057932098258832,0.0007138342354715355,0.0004435195787346352,0.00033309766477489304,0.0006010798136749231,0.00018796070332833775,0.00033976834514541117,0.0004134042854302221,0.0009647988276467986,0.0004897726717884005,0.001226611907204743,0.0006448354028391323,0.000328124691106847,1.9435761949186993e-06,4.926655453752871e-06,3.4797459842997806e-05,0.0002379779531430692,2.8164469332320157e-07,5.4396246920547844e-15,0.0003424797475970473,1.1145161531167136e-06,3.498806388230331e-05,7.091744355422124e-05,0.0004058580494265949,0.0001052363189602495,9.5038330511309e-06,0.000227766493058819,2.8717028643996533e-18,2.975109787552193e-05,6.492929964553929e-05,0.0007673456441659441,0.00013217127192258053,0.0011307112898513666,0.0003367529402023849,8.211250931352201e-06
0.9670547118282,0.0003331805583441763,0.00032741702722163764,0.00037651990725358407,0.0006293803761505662,0.000306176871657773,0.00018671038310284462,0.0007022596791653677,0.0003217311850233955,0.00037812863095533364,0.00045610008396750046,0.0007952775369659855,0.0004921399520584791,0.0003742272821442063,0.0006753854625063021,0.00020943818005929093,0.0003768800430347311,0.00046291173595463457,0.0010809441864987588,0.0005489783615576545,0.0013773735447567877,0.0007199813688993119,0.0003636612956657628,4.925434203390093e-06,1.1485091280416728e-05,6.292944102938713e-05,0.0003310953490584883,9.098503274327856e-07,6.524029331841486e-14,0.0004555655364678673,3.132869530610474e-06,6.326647705341503e-05,0.00011599894320821697,0.0005317054680011428,0.000167302708854493,2.1220733411152525e-05,0.00032048287649040345,6.376397957209987e-17,5.595413899983092e-05,0.00010885263927158994,0.0009540929521375238,0.0001972455602015825,0.0013659708679656882,0.00044975518480125934,1.8954795785883677e-05
1.064574299548084,0.00038674227167701767,0.00038434710997964626,0.00044097011017308816,0.0007327222899050691,0.0003578061241024999,0.00021860035431144626,0.000820909751823054,0.0003726809595690827,0.0004378538345085448,0.0005280234139812142,0.0009233057634800073,0.0005722452555704718,0.000432557098532532,0.0007800750094269155,0.0002445785833639245,0.00043992223555200155,0.0005285895261375005,0.0012516739806455706,0.000639689178450875,0.0015916869087552509,0.0008380765022468139,0.0004216215606652543,1.1463562791936054e-05,2.46159257562639e-05,0.00010634929331499776,0.00044416152539477217,2.656119294816144e-06,6.857227996953648e-13,0.0005873444272286593,7.999348866690086e-06,0.00010690154424411814,0.00017863527616127743,0.0006779529295237829,0.0002495586541181127,4.339723805202765e-05,0.0004338036306635814,1.2096105978763e-15,9.777607681041639e-05,0.00017108682389070746,0.0011635241016460397,0.00028041350497108917,0.0016248412355266393,0.0005813213662665995,3.9899332853565374e-05
1.1719279430589555,0.00046697953513694785,0.0004735418881398653,0.0005423587670008439,0.0009043980406383168,0.0004336748422792266,0.00026824656145601935,0.001007813106558429,0.00045410073213820215,0.0005360467636630631,0.0006394864132356431,0.0011271505796218518,0.0007023564356474657,0.0005217521240870367,0.0009411248040420922,0.0002988238644534716,0.0005414208574613138,0.0006313447208143819,0.0015255882266044726,0.0007791461932990524,0.0019285811352494026,0.0010262690200977438,0.0005149984550849214,2.4534486237448257e-05,4.8581371204076105e-05,0.0001682974966455,0.0005759210909037291,7.0150766834049506e-06,6.3181366496265466e-12,0.0007358307445961076,1.857886436358034e-05,0.00016912860944561035,0.00025960543991294553,0.0008429417649066748,0.00035045709401163185,8.144645511352841e-05,0.000566363826752271,1.9608660456142712e-14,0.00015908804370431409,0.000252697470624582,0.0013937271498682853,0.0003810201817694517,0.0019049398771812604,0.0007290092044516294,7.674533443750576e-05
1.290107326755319,0.0005851062127109223,0.0005981049943325643,0.0006930716006419188,0.0011490058853274904,0.0005407860005018774,0.0003369420540002627,0.0012748564432508648,0.0005689162106932247,0.0006795630726265016,0.0008072056869370713,0.0014242374925016138,0.0008877085121961065,0.0006560794933700729,0.001185869316733064,0.00037416102985241614,0.0006837481029552464,0.0007949998345594885,0.001943948647346207,0.0009785054860736678,0.0024350709887735688,0.001300515992034428,0.0006465939604231962,4.836017388322886e-05,8.845446695884903e-05,0.0002500214472420937,0.0007236585754168382,1.678556543206073e-05,5.1048362186443756e-11,0.0008982178597068542,3.931605407126792e-05,0.0002511459979722037,0.0003570722951690863,0.0010241328183303033,0.00046529974665933496,0.00014062587084236533,0.0007151409089546102,2.7170639268532596e-13,0.0002416512752877812,0.00035175104236297996,0.0016422173577641062,0.0004967694161199639,0.002203188686124256,0.0008893484084212478,0.00013523867224230472
1.4202041383222026,0.0007070134286104739,0.0007250770941763419,0.0008537742093896504,0.0014001756858170442,0.0006507773003722466,0.000408330435726475,0.0015515488219743291,0.0006861043169244879,0.0008303918112219754,0.0009859281366887433,0.0017340462289186377,0.001082620664155905,0.0007961876193349862,0.0014352481665852333,0.00045233517884722143,0.000831840411222676,0.0009668675735987786,0.002378997950328384,0.0011898766964833667,0.002973481136150616,0.0015864987415068154,0.0007784713371151666,8.795798007489068e-05,0.00014892950657964245,0.00034977557074703164,0.0008834912346445796,3.6451388754777e-05,3.618255499103462e-10,0.00107133054246116,7.596548890655619e-05,0.0003510692894591861,0.00046650984438837155,0.001218458530113666,0.0005871997174662757,0.00022406468740901862,0.0008757280664278517,3.2191609321762724e-12,0.0003437830511996253,0.00046304134863837064,0.001906196801783007,0.0006242610185091282,0.00251603799645232,0.0010582998766194508,0.0002190338221497382
1.5634201532521406,0.0007978672563010646,0.0008248171780421295,0.0009837360449841777,0.0015972324305257774,0.0007358477348530134,0.0004663395724591498,0.001769280070114708,0.0007763206162206927,0.0009504238986362322,0.0011279130593795275,0.0019768892409671264,0.0012415451711139884,0.0009011030635796176,0.0016123000271909909,0.0005147038117828411,0.0009512877460276895,0.0010907048932562848,0.0027062834039007994,0.0013625083266665026,0.003400887540908871,0.0018106817578087684,0.0008756481350848872,0.00014796247891592205,0.00023254287858354177,0.0004625956522226239,0.0010508484210089595,7.19957045720519e-05,2.250854836034196e-09,0.001252133642250795,0.00013436618860952773,0.0004636317426937906,0.0005815275268623258,0.001422747308870481,0.0007090393084854523,0.00033070929066819914,0.001042794732922865,3.2624752831182295e-11,0.00045986314033462963,0.0005788305252239951,0.0021828666084161975,0.0007598148365524371,0.0028397865787728512,0.001231793003666415,0.0003273586025191702
1.7210783363035171,0.0008677352365949356,0.0009128917557527177,0.0010919770651710617,0.0017663729735444395,0.0008059765503156607,0.0005137370215369965,0.0019488629716297983,0.0008492557558592069,0.0010473804772415682,0.0012430392512774557,0.002175821200029785,0.0013714946415574907,0.000981054230469153,0.0017547760259965176,0.0005625166992638279,0.001047750685075519,0.0011804012173460996,0.002983267851043177,0.0014993660094642185,0.0037510457325652382,0.0019942616843521555,0.0009523287910640151,0.00023086832483338934,0.00033792915624778267,0.0005811846934695785,0.0012210619205475005,0.00012968435505544284,1.2296313334443131e-08,0.001438206698023873,0.00021827405888798972,0.0005809660947673699,0.0006954614929093242,0.001634144254590794,0.0008257360248172997,0.0004542715835385962,0.0012106625608772762,2.829573295539854e-10,0.0005811534473713423,0.0006905007284786773,0.0024697716809696756,0.0009002442571442926,0.0031709620310075904,0.0014062493872183837,0.00045372549188650796
1.8946350624505273,0.0009292305418371942,0.0009993431085451325,0.001193693672144101,0.0019297234920424328,0.000870114062666063,0.0005560741503206831,0.0021177356799766322,0.0009153279740996134,0.0011351695371668489,0.0013489290536817357,0.002359738500257547,0.0014879278075510627,0.0010507026739915713,0.0018924237986576542,0.0006023317594540438,0.0011335176809303732,0.0012619378826723602,0.003257697272355648,0.0016185979206641572,0.004071289604548396,0.0021640178621829542,0.0010234986229051093,0.000335311636380932,0.00045902216242976247,0.0006977932661627974,0.0013899870791881737,0.00021376051223807546,5.903132450870579e-08,0.0016281088636182846,0.00032697244939517014,0.0006943701111422608,0.0008032389981707073,0.001850461199893471,0.000935878508055884,0.0005840556548658137,0.001373943310957407,2.1014411755599505e-09,0.0006978486262362376,0.0007906035931482851,0.002765151054496716,0.0010432611466059635,0.0035067006093396445,0.0015790097931292113,0.0005867512556988767
2.0856935702163586,0.0009887981792245178,0.0010793178174850241,0.0013000783205341735,0.002087591777653872,0.0009288005553819428,0.0005980707894235347,0.002291997089429773,0.000978088106325838,0.0012246166736532423,0.0014593952862167654,0.0025431439709807436,0.0016046093247712452,0.0011192038986150435,0.002023310715858673,0.0006421853575964486,0.0012195722160654287,0.0013583407498005415,0.003530769241980832,0.0017431118888800196,0.00438859337891378,0.0023335886183514414,0.0010945720861369078,0.00045528600267162367,0.0005858867469653719,0.0008064893394178755,0.001554574336300937,0.0003237922178911617,2.492514450769478e-07,0.0018215835604143602,0.0004539381909044442,0.0007965103340915993,0.0009028403727438495,0.002070412766136811,0.0010420051185553137,0.0007076483308941165,0.0015281987959545862,1.3373575596459753e-08,0.0008016775371381948,0.0008746180141108498,0.00306825862942558,0.001187395321830319,0.0038450529395332813,0.0017485986814108614,0.0007131193740424589
2.2960187716654015,0.0010448423772825544,0.0011480430960953256,0.001402032920885823,0.002231505581530032,0.0009809301250260694,0.000638442370024569,0.0024626509171175428,0.0010365215452406012,0.0013080905367749951,0.0015661573268975514,0.002719039039399023,0.0017167926424606417,0.0011838013648118213,0.0021361179427613376,0.000679441219909213,0.0013003609424104244,0.0014508432869731625,0.0037908967477522097,0.0018646598331527168,0.004695579132385433,0.0024957570313408565,0.0011573856493760555,0.0005809668739490426,0.0007071269635167973,0.0009049615052636617,0.001713306192882615,0.00045310056162850733,9.265997842805862e-07,0.002019582480269954,0.0005876657433500319,0.0008833117414370414,0.000995791971764925,0.0022937243985667656,0.0011493949573603787,0.0008144032316074348,0.0016705665432148057,7.299570802103417e-08,0.0008881044330484875,0.0009418810661083639,0.0033796124648099966,0.0013315881343335001,0.004185148460062248,0.001914788318696845,0.0008214498073037717
2.527553555862495,0.0010927145228364688,0.0012034003243723832,0.0014840890208959153,0.002352328392215774,0.0010256326054994861,0.0006734930485200682,0.0026119580796413982,0.001087661962647163,0.0013726080358827564,0.0016528697224300662,0.0028737661453615984,0.0018126860196411765,0.0012369035756164542,0.0022207426974342943,0.0007076661862782452,0.0013651168552751005,0.001508730104659636,0.004024300722729557,0.0019632363235923783,0.004969148605989513,0.0026350344250890036,0.0012008706430268585,0.0007010892331426992,0.0008129785847322546,0.0009951354549618155,0.0018664141602127181,0.0005895602435932947,3.0367297691720514e-06,0.0022241215076761185,0.0007147036156977583,0.0009549253960058756,0.0010864848806232377,0.002521123750675491,0.001263926799808802,0.0008981845626575628,0.0018002528904737527,3.4209557638929387e-07,0.0009573934914188669,0.000995527303790982,0.003701130541952701,0.001474804486077974,0.004527176808946396,0.0020784664378670943,0.0009052676070897712
2.7824367364031892,0.001134078168885797,0.0012521408805328846,0.001553929004700218,0.002456930313601727,0.0010659368528387596,0.0007042165334406758,0.0027463052658297012,0.0011307391889226355,0.00142818028224592,0.0017237371432211053,0.003017141402796447,0.0018967145135441114,0.0012794709458983538,0.002291093584098606,0.0007312263501122847,0.0014221129349496575,0.0015546023851105524,0.004233302040630518,0.0020476020093689942,0.005202804237056689,0.002751211677411266,0.0012341872750220246,0.0008059997405502121,0.0008978313865109003,0.0010823452585589344,0.00201581403751421,0.0007188831913222311,8.787789616823664e-06,0.0024380127015351427,0.0008236553664727246,0.0010155486658414623,0.0011805703676349537,0.002754242393927433,0.0013899835102919882,0.0009583250268061276,0.0019187636105634203,1.3784877007546012e-06,0.0010143239850279164,0.0010416221503327966,0.004036120058762804,0.0016159804186408216,0.004872182097030855,0.0022413630323417917,0.0009638427418832729
3.063022808806199,0.001173914107620798,0.0013010640807579502,0.0016222335859597497,0.0025567269270301393,0.0011047317662293324,0.000733324992766207,0.0028815251298653214,0.0011683031588696415,0.0014860398418065377,0.0017889858999270804,0.0031617303138554024,0.0019783074956252317,0.001317548321314276,0.002361552035412945,0.0007551335898573638,0.0014800886822811182,0.0016090845872481015,0.004434257614060839,0.002130539292326084,0.005413731365668499,0.0028516311613065027,0.0012675640177311918,0.0008901485268321444,0.0009612962123143967,0.0011733719068735351,0.0021647583205252094,0.0008289737641282749,2.250065385650812e-05,0.0026645383377304067,0.0009083180105506058,0.0010722592383519305,0.0012830426603888479,0.0029954595330662576,0.0015293171818099567,0.0009988194703700137,0.002029763037801371,4.784446382813339e-06,0.001066824120911069,0.0010878295221761164,0.004389105611362222,0.001754396027217845,0.005221705291155665,0.002405734602345505,0.001000955340863392
3.3719037002778767,0.0012203761962484667,0.001352504889405712,0.0016936470132934236,0.0026637553145473013,0.0011428590086723903,0.0007644744337276072,0.0030392136747106296,0.001208362117065458,0.0015477844185170218,0.0018597208725672505,0.003313946310535954,0.0020683771549573227,0.00136247797374342,0.0024352993843452125,0.0007801065757531616,0.0015390123915591239,0.0016611268151857025,0.004662785211531501,0.0022177513336192117,0.005656378295504804,0.0029508843553697466,0.0013026849730037808,0.0009531496462737314,0.0010077424871574457,0.0012741030415551276,0.00231728877349606,0.0009132535882462114,5.110620694188733e-05,0.0029071357655052967,0.0009687382325222909,0.0011332473675560212,0.001396738373733697,0.0032477157641345217,0.001681269021798296,0.0010266407215883872,0.0021385421548158552,1.433567757651614e-05,0.0011239998875520452,0.0011419158028880838,0.004765504857817618,0.0018902782227697816,0.005577339445247913,0.0025741135406959865,0.0010226841943148843
3.711932712763228,0.0012795064308142145,0.0014113588798429836,0.001778309519184415,0.0027901742600056987,0.001186893383276673,0.000801362381361176,0.003234920135705141,0.0012583931322614073,0.0016182431665499285,0.0019426276044555264,0.0034961935683982762,0.0021797517533211496,0.0014193204169815638,0.0025269082710699443,0.0008101832806369202,0.0016072914127931717,0.0017131895839198556,0.004947867379376374,0.002319004113281524,0.005959531699912856,0.0030685136664976684,0.0013427990707147136,0.0009993378970162422,0.001044890570920018,0.0013877174877788255,0.0024776430370194217,0.0009715740519577958,0.00010331160867158702,0.0031691420237854357,0.0010102596223697455,0.001205891388457905,0.0015218085527857598,0.003514316531222695,0.001844029338020576,0.001050187353411778,0.002251207546151882,3.7190839201552855e-05,0.0011940187531158674,0.0012103073539052331,0.005171181693919846,0.0020252769824371103,0.005940274218756686,0.0027491941884246955,0.0010355109253567354
4.08625088045851,0.0013539719288102334,0.0014837135324593611,0.0018886598882716962,0.0029452507649443144,0.0012464862420530705,0.0008467132327994298,0.003476127658164394,0.0013234501748797252,0.0017047335852189264,0.0020395951110020703,0.003739015887578137,0.002323810688213067,0.0014867066597085245,0.00265626302362715,0.0008511792755029098,0.0016983562250510154,0.0017804479699030677,0.005305922025984807,0.0024453232291823546,0.006323578690766821,0.003222495510752638,0.0013922909530541651,0.0010364018454509768,0.0010821526440717142,0.001514098340084574,0.002649786803692732,0.0010088801161953359,0.0001866657922720911,0.0034536118920542257,0.001041598743809624,0.0012951219745850004,0.0016563131811829068,0.003798734352105871,0.0020161151378289464,0.0010783269307905756,0.0023738178684858382,8.38584124392996e-05,0.0012822700726752721,0.0012969214632818048,0.005611920076773726,0.002162524537797335,0.006310897731614482,0.0029338591494685777,0.0010454809492367236
4.498315985264203,0.001438216292354675,0.0015644584041051217,0.002013960153833343,0.0031173153363418297,0.0013152079022625482,0.0008967646553168288,0.003755629414756226,0.0013988487091569526,0.0018044031887671766,0.0021470663220077755,0.004024615279901551,0.002490538471073511,0.0015613958390005682,0.0028001241100470455,0.0008971968930474231,0.0018010912789432967,0.0018586392136332188,0.005720642508031428,0.002585462960560474,0.006737974255496718,0.003393681844656371,0.0014471596142412392,0.001073787393468327,0.0011290688124082544,0.001650682136548153,0.0028371927105727687,0.0010329645446727816,0.0003031055414190277,0.003763187358986065,0.001072998295299088,0.0014025129347777672,0.0017976141461303167,0.004104407266848897,0.0021972206804442168,0.0011198062440436426,0.0025117331768019567,0.00016517074058252124,0.0013902657971646354,0.0014025722518623456,0.006092862937899749,0.0023062353288889155,0.006688499340476364,0.0031312851646130096,0.0010583894295060087
4.9519344982099955,0.0015266290086627188,0.0016479645776820992,0.0021403641565183374,0.0032934876540606835,0.0013840070196966122,0.0009477790907567558,0.004066656575605286,0.0014785609431872525,0.0019117196248468154,0.002261888859460358,0.004326682319158281,0.0026678373080507886,0.0016411087118277056,0.0029336332108642225,0.0009420417041471411,0.001901618284743648,0.0019396905126687265,0.00617622011178546,0.002726889348206893,0.007186935464783273,0.003560818350919753,0.001503547246193969,0.0011212303231470612,0.001193824990450035,0.0017943381127947463,0.0030428912686897755,0.0010527122093861045,0.00044543482530327025,0.004099974862727114,0.0011147911044821499,0.0015264487843621249,0.001943922287583668,0.0044345195635982,0.0023880517218089936,0.0011825008815833328,0.0026693779680509793,0.0002860705683713504,0.0015157394350166341,0.001525265676985735,0.006617951264959098,0.0024610756743875164,0.007071085219829779,0.0033450424271125045,0.0010804072621729294
5.451296741912189,0.0016242138235084483,0.001741931156657437,0.0022754711828128246,0.003484954957540014,0.0014574057369059251,0.001004631581760605,0.004422652797431422,0.0015653533391511566,0.0020266586785174096,0.0023891438834110967,0.004657699214417366,0.002865567421987651,0.0017287257150849736,0.003084500527581742,0.0009942276335883444,0.0020104679886636077,0.0020303861922449525,0.006701018524631832,0.0028827934407696315,0.007651929069528788,0.00374553142789574,0.0015692223344510687,0.0011874169091779076,0.0012818441005286191,0.0019434189340382592,0.0032697251306584266,0.0010773814285116958,0.0005977434044549927,0.004465384904876402,0.0011760477290827804,0.0016634433240859344,0.0020953580220696554,0.004791742557261832,0.0025893792178238893,0.0012722703482197478,0.002850472095570012,0.00043949610267177716,0.0016541323247569106,0.0016614956296368477,0.007189383682005842,0.002631655813551976,0.007455290413922387,0.0035791251422601653,0.0011183902995465823
6.001015598878439,0.0017341539712300532,0.0018497500832125018,0.0024227655164921267,0.003701447427209525,0.0015395390583257463,0.0010683968983175199,0.004818631916524496,0.0016631551700407288,0.0021501952613612292,0.0025314591728460567,0.00502725769613614,0.003085640822612061,0.0018282362110761433,0.003266604520009528,0.0010573054869098743,0.0021316060265673567,0.0021366171927723705,0.007301028641785404,0.0030606958541658257,0.00811467480841026,0.003962323711962941,0.0016491994712452462,0.0012787513898816526,0.0013947923941814426,0.002099083660607747,0.0035206882471608423,0.0011164815129981265,0.0007407051515339178,0.004859902190706893,0.0012630053857634247,0.0018102367551652654,0.0022542158759383014,0.005177912569559397,0.002800947061172736,0.0013918207675005202,0.0030586140762721586,0.0006057929134017537,0.0018010930133216558,0.0018082534514570633,0.007807103994772321,0.0028224008311950825,0.00783635541712855,0.0038379017004005946,0.0011793331529638142
6.606169123229584,0.0018540203015765624,0.0019651920363369887,0.002574356200138628,0.003943247745189893,0.001630238105505947,0.0011328957654465944,0.005220633768405269,0.0017746900204583592,0.002283060069593676,0.0026857167349977175,0.005430254827967578,0.003313249707724498,0.00194347543981515,0.0034599247289310046,0.001123827640137123,0.002253555246005277,0.002258087549029169,0.007939765755224497,0.00325328898658335,0.008560088576193706,0.004203375075169213,0.0017411461255354155,0.0013985090814057114,0.0015306311228032727,0.002265410586543035,0.0037992385444657693,0.0011793793228614478,0.0008592550696987139,0.005282773748205863,0.0013776611793968902,0.0019658916638518476,0.0024245824227817543,0.005593634253427795,0.0030208329023269174,0.0015404031153992983,0.003297976826412511,0.0007602062686311158,0.0019550400167578567,0.0019650807442444557,0.008468319642611879,0.00303780662913344,0.008208136923528186,0.004126009475163002,0.001268995647601133
7.2723474494664435,0.001982051616875812,0.0020879129673790063,0.0027314185574176995,0.004203954196407578,0.0017304645277941156,0.00120155067596426,0.005642997744823323,0.001897133035628228,0.002423960890837591,0.0028510681963059173,0.005867730905443923,0.003548163408126241,0.002074058883583701,0.003660149136205394,0.0011919254306913714,0.0023785779591521707,0.002385817271699207,0.008616919330026906,0.003462799839620597,0.008999094652504137,0.004463732574036082,0.0018424178761560159,0.0015468974659062996,0.001685133589104887,0.002448454955467935,0.004109515672034609,0.0012741320620991488,0.000948405468664561,0.005731620848580791,0.0015175737718268773,0.0021330192132543915,0.0026117534932962316,0.006037820377487466,0.003245486571515857,0.0017149264845259815,0.003573840296326733,0.0008845606257563739,0.0021186694016305622,0.0021353998428684843,0.009167061171046865,0.0032828368871587656,0.008563139712003183,0.004448212419457076,0.0013904415152798503
8.005704431603464,0.0021185886368596226,0.0022219038303218563,0.0029024483515222178,0.004478371976474596,0.0018426436814892697,0.0012829077364486614,0.0061256351855494846,0.0020261365101086467,0.002572217869902189,0.003028762274488083,0.0063460761201196226,0.003798357481044863,0.0022186117962587014,0.0038763173378778526,0.0012653122800403605,0.0025185487312098026,0.0025122591770674603,0.00935884385303518,0.0036973249151154926,0.009453735064467918,0.004744645807888382,0.0019527475445379932,0.0017223482338299557,0.0018545467956988895,0.002654877513892432,0.004456437907782559,0.0014059001139052796,0.0010145155273136273,0.0062019983819625105,0.0016777423635456242,0.0023176170700168384,0.002821843865736444,0.006507209187356904,0.0034702368921655244,0.0019121961804409388,0.00389274035686782,0.0009756932790632591,0.002298730457268094,0.0023266552492991967,0.009893810931825476,0.003563109168988347,0.008892582695801043,0.0048091928846023925,0.0015436145801424213
8.813014489688276,0.002270785458917856,0.0023699135734069846,0.0030982582500596887,0.004788291417121591,0.0019714898219435656,0.00137589115782014,0.006661106195208397,0.002168734611235168,0.002737320405791871,0.0032211781521093753,0.006873228087551034,0.0040577500462746436,0.002385481669311866,0.004120922883440463,0.0013535051805454858,0.0026817954552775347,0.0026659764318780975,0.010188909073110698,0.003957261546393873,0.009912230626179805,0.005062675848561362,0.0020830460540062832,0.0019237160270694318,0.002038299601792864,0.0028908083234574873,0.00484566830878805,0.0015759735368184,0.0010724139378064817,0.006686947790419733,0.0018542310910941286,0.0025276244082817595,0.0030616400080682987,0.006995928417712625,0.0036898147061091876,0.002131137461138085,0.004262124307479603,0.0010462633981565487,0.0025042237752217144,0.002549328472329273,0.010635253518142932,0.0038846005146146016,0.009186536703675034,0.005213198653668795,0.001726655225569103
9.701735188829495,0.0024446425201651817,0.0025350310257977924,0.0033233552278673956,0.005147301533541315,0.0021201976821762047,0.0014777214239077234,0.007223304245280649,0.002330734267706466,0.0029261944699711445,0.0034327502938718895,0.007443289515638354,0.004311836835429548,0.0025800733876538704,0.004402560262273068,0.0014610437933885007,0.002870388327301623,0.0028704440039367023,0.011096321154890013,0.004243641912156756,0.010337935627317047,0.005427819763619537,0.002242879540358797,0.002152412059825278,0.0022404912837134757,0.0031612623494587998,0.005283427857713199,0.0017823292785493316,0.0011404887522419342,0.007176619896032799,0.0020477659312222707,0.0027708401894108894,0.003338382056053154,0.007495191411824223,0.0038984851889948386,0.0023737651101621883,0.004689524589834411,0.001119251433554465,0.0027438875863589,0.0028153171214104836,0.01137422333844142,0.004252813655446732,0.009434184416103292,0.005663457746927849,0.0019384823296398643
10.680076128809548,0.002639279454620481,0.002722453488073323,0.003567510025087944,0.00553281891907412,0.002287569247854515,0.0015891629276427886,0.007781033083141249,0.002507650694270984,0.003133608129181181,0.0036724921949666867,0.008020546033261673,0.004538515836809989,0.002794908041804878,0.004720159989961206,0.001577852203880565,0.0030760996340388636,0.0031123279870515328,0.012000157138685276,0.004565515082743041,0.010665789379911495,0.005826019113378413,0.0024311455002260173,0.0024133884769016057,0.002469542524290069,0.0034699919681488536,0.005776111384204392,0.0020217030715903917,0.0012355333847617182,0.0076580769682035995,0.0022650831746915865,0.0030530119483016434,0.0036590556668088655,0.007993209681578265,0.004089671379458378,0.0026444309737125053,0.005181360384354705,0.001219933496370509,0.0030240143144109623,0.003136245573942414,0.01208993723160577,0.004671567296643322,0.00962424730371797,0.006161331594279128,0.0021810520056817764
11.757074780653678,0.0028706301000391062,0.002947569839775412,0.003849392583687727,0.005972333751745447,0.0024905023470865924,0.0017204470743552166,0.008368088651804466,0.00271486672703601,0.0033807191716752087,0.003968870782441438,0.0086355410076882,0.004745978924681543,0.00304432859301996,0.0051115955295915035,0.0017138963380665536,0.0033210079184870494,0.0033998542421185126,0.012939778882789103,0.004956746843845705,0.010913851491363303,0.006290534544784784,0.0026581912763438955,0.002714450841708617,0.0027363827851861634,0.0038194507130475076,0.006329654447641046,0.002292127170254388,0.0013684634196186784,0.008115404707037236,0.002516939946331059,0.0033766463667148842,0.0040290130129576485,0.008475387393565837,0.00425534514369605,0.0029478948046608023,0.0057415400306557625,0.0013681195023892345,0.003347252885288509,0.003522016292371134,0.012758593691094933,0.005141709379682199,0.0097455992483491,0.006705286576764991,0.0024596598201425475
12.942679970698887,0.003170471837119838,0.0032337576797606946,0.004215297700326201,0.006542703207069901,0.002761606962097172,0.001889511551796327,0.009069958136579891,0.0029871448556665027,0.0037134660209396865,0.004365135661648971,0.00937646885679962,0.004967655655668934,0.0033640864468964726,0.005649407370299488,0.0018993602473248153,0.0036547086747847576,0.0037685906152529498,0.014064495390673276,0.0054693142638600626,0.011175517454917933,0.006899315490965981,0.002946451290456385,0.003064226273750204,0.003052130805623241,0.004210627299667156,0.006948621605755399,0.002594585050838199,0.0015421389096855775,0.00853025563685064,0.0028137035964486074,0.003740635947220607,0.004450159207516917,0.008924831376813094,0.0043857571662432445,0.0032872342256557003,0.006370068011758242,0.0015725948077375048,0.0037124360401240702,0.003979577316226833,0.013354389563694988,0.005660065832212819,0.009788046655136416,0.007289875744468195,0.0027808763900444254
14.247843783351078,0.0035401062345562914,0.0035799199815028195,0.004658776807171883,0.007228599501795695,0.0030928001744693896,0.0020962035719149868,0.009798073449394177,0.0033262203060312086,0.0041273901657504965,0.004854415536707412,0.010165362777030775,0.005159063327033167,0.0037526478471190364,0.006325870050856734,0.0021314281115669864,0.004065427417620149,0.004240277712497332,0.01524768662357401,0.0060875102959638775,0.011374449103533829,0.007639214921370081,0.0033011923153494255,0.003469697779339165,0.003426048248208062,0.004642724499910033,0.0076350403808458315,0.0029330030578236296,0.0017524033218672245,0.008882891704791156,0.003160843160306936,0.004140422837723055,0.00491925353613699,0.009323172037359547,0.004470063546816505,0.0036623252628014704,0.007061862673950359,0.001829751281407325,0.004115022492591127,0.004511754700103193,0.013850949857665829,0.006218853255709715,0.009743209896506065,0.007904980420031977,0.0031492481192745606
15.684622731486273,0.003969452878713762,0.003978070760699981,0.005153470273731293,0.007983266112294222,0.0034643340893957416,0.0023323868508917443,0.010406062890532157,0.0037193257764786417,0.004597948097854861,0.005410647390526008,0.010865059955739933,0.0052523775375983356,0.004192478811778871,0.007106421589781472,0.0023953057761636263,0.004521285400679119,0.004824773376832521,0.016258976958581167,0.006769734436152375,0.011377697846629984,0.008457839693343168,0.00371756625031445,0.003934254451512732,0.0038639516831125167,0.00511278983023628,0.00838708091642218,0.003312635326844884,0.0019917976681676215,0.009153695846729279,0.0035564576400389696,0.004568293336065762,0.005426894527034167,0.00965165189861692,0.004498005705116384,0.004069029487594298,0.007805965975124604,0.002126918402122093,0.004547640089884304,0.005116153361414152,0.014223093470271213,0.006805652677852042,0.0096054025958583,0.008535533510033975,0.003564487839560885
17.266289129062542,0.0044672850624908715,0.00444337376912303,0.005704957770380233,0.008828620633490644,0.003894384661851942,0.002596388126726177,0.010878683829129742,0.004166269679787044,0.005126912867653057,0.006035851422296395,0.01144940633498763,0.00524834749983013,0.004681572346160708,0.008017120131490816,0.002698180248456449,0.005038476798110105,0.005517275405165309,0.01703341769353415,0.007512285375299936,0.011182053133460525,0.009339323697955017,0.004187875216181318,0.0044568144050599655,0.004366896685316648,0.005615383241106479,0.009197760507531627,0.0037374253778887593,0.0022532723016635507,0.009324999306441118,0.0039914789388192954,0.00501350086157433,0.005957505373245271,0.009892403101611633,0.004462189841937298,0.0044988683849907325,0.008585276901227134,0.002447839883164918,0.005000375078692856,0.005784382182070209,0.014448781151743315,0.0074039098454207995,0.009372384289908315,0.009161843406763837,0.0040201570392466865
19.007453694752204,0.005035698994471551,0.004987905749183396,0.006314186733399048,0.009785786124436808,0.0043948163958290945,0.0028860166279516646,0.011183744845418956,0.0046641904982528595,0.005706412607362157,0.006718323279378677,0.011881249420458843,0.005153218404583522,0.005213392279495131,0.009056812318085776,0.003037132364767174,0.005617817861477005,0.006309928246743778,0.017499018183090007,0.008298511918578387,0.010792017393861967,0.010250526561380372,0.004709410940271881,0.00503202813988465,0.004930089472876578,0.006142283590500866,0.01005391055655102,0.0042071308902067416,0.0025311121457996175,0.009382959565925426,0.004451601819055223,0.005462142789463861,0.006490293396191776,0.01002980538612149,0.004360065889839574,0.004939008543654562,0.009376875189506882,0.002776428731784677,0.005460696171576489,0.0065019353830201255,0.01451103013951279,0.007993829099839343,0.009045865299842576,0.009760506397168056,0.0045036524854270635
20.924200519151434,0.005658257396814694,0.005608752248426547,0.006961092182723215,0.010845386399929217,0.004951391156819736,0.0031953537358797783,0.011212411401016338,0.005200134139879036,0.0063013426594149815,0.00741168681527757,0.012063855015489762,0.004956217485222569,0.005766961995903061,0.010154156886127075,0.003383490078150916,0.006214967823949232,0.00719407982901933,0.01751219662256914,0.009074902125090625,0.010176632485908246,0.011115213935536048,0.005287413014292436,0.005651088819896373,0.005542336065998971,0.006682213151688215,0.010935655415990397,0.004715101750959568,0.0028187775321971737,0.009319164335878316,0.004919404141946965,0.005896963800987249,0.007000913673746901,0.010051794292099826,0.00419473901188691,0.005372601141545435,0.010152936175344558,0.003097079571284404,0.005913126827933759,0.007248844115670928,0.014399550406082437,0.00855348477194974,0.008631671387829267,0.010305792321522197,0.004996804572965699
23.034235642333098,0.0063259765771985724,0.0062958716742584995,0.0076215752634970334,0.011973066782149188,0.005548227493015625,0.003514672747845549,0.010941159107978727,0.005753542246176549,0.006873537876493106,0.008070097023888643,0.011966526670548993,0.004667354661978044,0.006313820147873056,0.011247302836872964,0.0037139294585734053,0.006792127072197647,0.008136703042359037,0.017050441426121606,0.009796180667221235,0.00936714283188356,0.01187597013638358,0.0058991103602980014,0.006302422712962437,0.006186401758533445,0.007220624175089046,0.011816601213553159,0.005247529974852748,0.0031060466577336656,0.00913166031298994,0.005375688641343413,0.006297450177861114,0.007463497881212153,0.009950979274511367,0.003974266082558815,0.00577963914259946,0.010882182539236387,0.0033931412270404747,0.006338971407029542,0.008000853586136288,0.01411187205623525,0.009059995203529911,0.008139525006896464,0.010771345202032002,0.0054768559140779115
25.35705061423518,0.00703764389237617,0.0070344740709098645,0.008269876818096421,0.013116023774003787,0.006170206005846201,0.0038313587631431507,0.010424298245403746,0.006298306258335284,0.0073844992399469565,0.008650997322946307,0.011618839731764556,0.004315465848549411,0.006820411950851588,0.012288113859965335,0.004011723716152687,0.0073206848051232416,0.009084392572250282,0.01619865365699716,0.010427002761580125,0.008449870215442867,0.012494696365715667,0.006497587458877764,0.006971643546483865,0.00684027500175484,0.00773967508035315,0.01266482216243161,0.005784489539925331,0.003378271413738309,0.008825214486850802,0.0058001064957295834,0.006640638435215543,0.00785276629031977,0.009725437650590125,0.0037097783110212664,0.006138402645723329,0.011531776992728188,0.0036465630232283197,0.006716537942837066,0.008730688107786128,0.01365379339687292,0.00949067683838321,0.007582459613158578,0.011132049726660447,0.005918230968765382
27.914102548781507,0.007792273176281539,0.007809607129878395,0.008880185681124062,0.01422088026659449,0.006802217042368347,0.0041327060006527494,0.009718517316921022,0.006808141515384405,0.007795718372741135,0.009111934371764363,0.011052229014622645,0.0039299587325321685,0.007253022957437635,0.013228851226705881,0.00426034277553368,0.007772304668963332,0.009983133095134752,0.015045028850474804,0.010932342593423879,0.007512788457782681,0.01293390258598433,0.007035196506405408,0.007640654373295783,0.007478854617190424,0.008218554984817243,0.013444591536021315,0.006302277399980217,0.003618768420427172,0.008410780877108575,0.006171749805690336,0.006902910854538903,0.008146029483235102,0.009379076344799179,0.0034132269973338927,0.006427319723295138,0.012069526517255095,0.0038401798166030963,0.007022291576678851,0.009409132988716457,0.013039074308123825,0.009824180461932031,0.006975940876269329,0.01136593720885694,0.006295398555449419
30.729012334993616,0.008580829468156298,0.008593982535042686,0.009425804062231126,0.01522749121245985,0.007419389421799718,0.004404171391836182,0.008878955963649295,0.007252182477100973,0.008069300400461776,0.009412379420048947,0.010309798101340958,0.0035373820403716994,0.007575136220631349,0.014006048636401935,0.004439626692394317,0.008113921238054413,0.010788416606643866,0.013684621838190976,0.011288165636818361,0.006620573015820199,0.013169058601750673,0.007468689888930301,0.00828645654423377,0.008075462188711831,0.008634282959307566,0.014118679223201095,0.006776023648034223,0.0038130639006808274,0.007904313262718309,0.006470264059896292,0.00706268514348575,0.008324946026155392,0.008921499502781882,0.003095565642811501,0.006626854697374029,0.012466238056973219,0.003961057041311903,0.007233126055073476,0.010006079424683158,0.012288410392010044,0.010041658705494007,0.006336811505298784,0.011456001912256372,0.006586239918824061
33.82778283607791,0.009371892552986648,0.009327213082613205,0.009877827920721713,0.01605869949773451,0.007970379753543137,0.00462626054963915,0.00795686862277486,0.007587494040279124,0.008169882237426818,0.009518039197936963,0.009466081757166702,0.0031561532529389585,0.007743225469134566,0.014514962564811003,0.004520128820776949,0.00830028094443377,0.011481678331002566,0.012230873905470242,0.011499908594727992,0.005773894628206606,0.013210544861708876,0.007767245679659354,0.008880675565659074,0.0086029262757616,0.008963039435140503,0.014650965882283437,0.0071816780416678,0.003952337957671096,0.007325179960443664,0.006677447864434128,0.0071034633360362665,0.00837692718128345,0.008367381507411103,0.002765843664247024,0.0067210462934330795,0.012698036509034479,0.004002054722588296,0.0073294865945273,0.010491995635556714,0.011427826891344334,0.01012799197808022,0.005682196304536506,0.011391761395169491,0.006774604990174421
37.23903909211291,0.01012367682282845,0.00997984503531274,0.01021625793715709,0.016698706486098683,0.008417451098253674,0.004783247637192661,0.007017863580742887,0.007791197231112775,0.008094835435665372,0.00943126093677644,0.008571097726153096,0.0027940457132168135,0.0077405307255439225,0.014725950489901619,0.004499020287041732,0.008317355701580256,0.012037308469205572,0.010779337135200745,0.011544687161362512,0.004974088232410648,0.013041581758920364,0.007912979983313612,0.009390712407222715,0.009034483880500875,0.00918199481161671,0.015009116856552544,0.007497114907321614,0.004033723296028602,0.006694468532398032,0.006778893001497184,0.0070164285602095046,0.008296090637069113,0.007735412060193446,0.0024312463923013847,0.006698605947219598,0.012748431941779268,0.003961054972496685,0.007298612460073526,0.010840192163917258,0.010486707203830829,0.010073019184363154,0.005028498415706399,0.011170352832775987,0.006851070292035316
40.994292745220264,0.010780433127227238,0.010557313206248694,0.010426698363948729,0.01719702890304736,0.008741792444525373,0.004863557821377172,0.006140130746767537,0.007864784369300425,0.007878286462883756,0.009194672281947182,0.007635144885371841,0.0024466476528470977,0.0075821190871480735,0.014702329779989013,0.004405475430997111,0.008188024226391026,0.012410687763639986,0.009392063636114627,0.011358099395612666,0.004235383820585467,0.012606313048227586,0.007899429840615368,0.009782784633744747,0.00934501075848856,0.009271480564400112,0.015167097676548426,0.007702709767070092,0.004057177504432945,0.0060334214807070494,0.006765309555409041,0.00680185551731187,0.008083680527601497,0.00704693998031376,0.0020977899302193274,0.006553834383815682,0.012609910387762494,0.003840166446266271,0.007136953718525795,0.011029742822509713,0.009495706588253452,0.009872627510521752,0.004390590475708913,0.010796960528981395,0.0068121552639142545
45.12823312985934,0.01122493912657884,0.010925663254127499,0.010423147055091658,0.017403567227408014,0.008873801352156279,0.004835251954027631,0.005325262603384341,0.007762153764997441,0.007497901055665585,0.008786509705698178,0.006657069015108651,0.0021072215150820563,0.007234244774562384,0.014357884203751874,0.0042183379054916625,0.007865813998153335,0.012510885821628933,0.00806103113702662,0.010894347268104435,0.0035481434457417587,0.01189141968361352,0.007691379884886651,0.0100262874343922,0.00951297793516605,0.00921722027629632,0.015107360814383623,0.007782023874427465,0.004021297844875534,0.005362154058296305,0.0066335461243698275,0.006469007928436962,0.00774790254163982,0.0063244826665921905,0.0017712419256312951,0.006287664671390096,0.01228483084182094,0.0036464900280637888,0.00685100565846072,0.011048348630149963,0.008484795460830093,0.00952950656977997,0.0037812649786724264,0.010284451161496143,0.0066592984035534035
49.67904771720661,0.011339927293228023,0.010926488229253212,0.010119417370443093,0.017123674001009784,0.00874777140899682,0.004671992638817708,0.004543367588889355,0.007432911327183172,0.006921068255868134,0.00817285443451938,0.0056526522277272825,0.001774562652903679,0.006666522908962392,0.013569958552312094,0.003904980678053611,0.0072988195368154435,0.012252795284018535,0.006767482078650156,0.01015643656410204,0.00289860934573259,0.010934365365703722,0.007265161803603287,0.010098334068809292,0.009523138368839074,0.009012260172232946,0.01482256061550738,0.007723172905615777,0.0039215752736246525,0.004698716932875699,0.006387440724167359,0.006034697667905506,0.007303182726373889,0.0055902803616969055,0.0014578516640871393,0.005908739708480723,0.011785454607926873,0.003392799134704321,0.006456326300541171,0.01089421910959928,0.007481636326546912,0.009053393219545717,0.0032109685537275614,0.009652242671342386,0.006398778353153969
54.68877487373908,0.011181158897153747,0.010695258527509932,0.00963421614829485,0.016542907092714856,0.008464478359254608,0.004431907367048061,0.0038425392612316056,0.006947941549880934,0.006236856065612959,0.007456197076688665,0.004739651001140061,0.0014768890945100362,0.006009455332532208,0.01249557515091298,0.0035306027775788658,0.006615741353266176,0.011706930930765642,0.005637435131854804,0.009308170843576774,0.002324891076759208,0.009874496583058688,0.006734024361133967,0.009987294464698102,0.009369452444625753,0.008658264032617236,0.014316653923738107,0.00752104101952017,0.0037529407956424015,0.004058510083950653,0.006038318074200599,0.005521005476472946,0.006768949545162904,0.004865057283979143,0.0011645764318532442,0.005433862353402486,0.011133026595800285,0.0030957011162341228,0.005975103033585414,0.010576371074196667,0.006510438157162464,0.008460711670356025,0.002687816631220642,0.008924598088180443,0.006042623744588729
60.20369219264677,0.010797301083270632,0.010327456803806558,0.009045196230721812,0.01576917972476069,0.008087290852164293,0.004152077458044134,0.0032498536410326775,0.006374340351897528,0.005521444625145513,0.006714889848791948,0.0039739249724928425,0.0012236912240362996,0.005362861228767064,0.011298798324292297,0.003153393051943521,0.005921630953892843,0.010966340758616506,0.004729027803647651,0.008443259958101986,0.001846616460712229,0.008795638080992542,0.0061842646010687825,0.009694587860490204,0.0090573443444484,0.008165957804100139,0.01360523716294882,0.0071797506416189,0.003515072702253164,0.003454035389585363,0.005604549358622152,0.004952711405372389,0.006168132719186923,0.004167112435288705,0.0008986619239865122,0.004886961499502957,0.01035597366204749,0.002771644568710631,0.005433031116802513,0.010113394839810191,0.005591368231371004,0.007773613021292815,0.002217875880124516,0.008128652265988091,0.005609441330029453
66.27474398530346,0.01012726936772569,0.009674279681320327,0.008234533762219519,0.014543323654889492,0.007512330512925745,0.0037807775314677755,0.0027064262818135864,0.005703226389082747,0.004756435093574907,0.00590238754652602,0.0032319465879197596,0.0009714181349388645,0.0046741540064680525,0.009998304322445657,0.002761780178214053,0.005172284466800987,0.010081333832651236,0.003884521446836466,0.007428133996170399,0.0014175093610291588,0.007616089535477578,0.005571351056414362,0.009234605085400532,0.008604272294237145,0.007554657575069822,0.01271499003021499,0.006714123917802429,0.003216496735211922,0.0028949806281259216,0.005109677166451439,0.0043548640163282495,0.005525610691302084,0.003511815087513837,0.0006666632623843666,0.004296238639839565,0.009487459302058274,0.002433506311355807,0.00485631044658811,0.009531272912426808,0.004740548241317729,0.007018508517299572,0.0018057138834867254,0.007292508267663685,0.00512393447819262
72.95801188176951,0.009224648969036185,0.008760880539389584,0.007237313968805339,0.012868245072486243,0.0067548608834884305,0.0033313853162436824,0.00220423639727854,0.004974905046206063,0.003976069346827202,0.005048983181588124,0.002508698844813739,0.0007211706608794497,0.003964578923533189,0.00868271274462971,0.0023755809202109174,0.004406355510313226,0.009144158061379684,0.003081892844844635,0.006306070090470149,0.0010308340155690495,0.006385098344060034,0.004924586577340892,0.008633096427926123,0.008038001172602064,0.006850928409190593,0.011682173603362695,0.006148969419798878,0.0028741678263334053,0.0023886420256703264,0.004579317085201031,0.0037507995209000314,0.0048667771442286725,0.0029115395921979308,0.00047323287105211696,0.0036901737379180185,0.008562690132464575,0.002089740982281389,0.004269308061239175,0.008860931926102924,0.003970627597294177,0.006224265436209571,0.0014552440862135004,0.006443689356122064,0.004614687794620809
80.31523288752012,0.008256604873092363,0.007797028343384163,0.006243633716840948,0.011031814008834098,0.005955383400753389,0.0028839011226912117,0.001789483957115299,0.0042793240736096715,0.0032677785372537214,0.004263867217837801,0.0019208553679780523,0.0005183698497991103,0.0033313646950603334,0.007503327737354672,0.0020454201801679388,0.003744265907270118,0.008274255217804252,0.002440160712881128,0.005293970132235779,0.000722130381483593,0.005278994321372794,0.004348800581194708,0.007924480654358437,0.007392819516391047,0.006086503532016948,0.010550283881835447,0.0055160681389999295,0.0025086029500038464,0.0019407127964268837,0.004037863423919704,0.0031608579883640004,0.0042162670048981514,0.002376054046345575,0.0003201551144796644,0.0030938758232192873,0.007616459570128001,0.0017459662815521916,0.003693068142562438,0.008135894945859928,0.003291913562146848,0.0054203089987397935,0.0011709277829092123,0.0056081505545757864,0.004110776940574955
88.41436968197364,0.007301872305522079,0.006882154599838785,0.005307995235703023,0.009209526648745246,0.005169553469430803,0.002460294795440082,0.0014645849769500264,0.003649033426508408,0.0026458190052231797,0.003571298629643016,0.0014663359294858356,0.00036523300050095785,0.002761630941714907,0.006434116835324163,0.001758944350483005,0.0031757611632168797,0.00744508128894245,0.0019457904675816377,0.004406967744553931,0.0004947233696517026,0.004315783024732215,0.003855024768968367,0.0071484003797596795,0.006704787326257436,0.005295706663541578,0.009367182483008276,0.004849910114811721,0.002137949012274946,0.001556500091320209,0.003506225092412389,0.0026019546905331845,0.0035968011954987983,0.001913381751553884,0.00020608700566833606,0.0025272093859081105,0.006681417777603077,0.001407769431467172,0.0031445969890989255,0.0073900266869533085,0.0027140376252048674,0.0046349657475501195,0.0009594166925062751,0.004809997280078731,0.003638174129967628
97.33023842697934,0.0063727400086311965,0.0060288375150859405,0.004419379239133344,0.007499125579601748,0.0044035686673813725,0.00205531788812286,0.0012079101462192114,0.0030810542493133375,0.0020956009324629237,0.0029556465410230876,0.001096318516298618,0.00024688750583904675,0.0022082654892855253,0.0053921444586813,0.001482885889254909,0.002641652325015888,0.006573895410776486,0.0015350311757814177,0.0035835928841734467,0.0003338452304898802,0.0034521588638983317,0.003398236797168497,0.006345772897190841,0.006007411463638656,0.004512823738926241,0.008182272846344664,0.004183560794201812,0.0017748605942675365,0.0012426893637598813,0.0030011668918576056,0.0020879879921594045,0.0030282073864117886,0.0015311754746933253,0.00012727399905984534,0.002005176991711185,0.005787494217650272,0.0010834495185204143,0.0026368348177067207,0.006655321858979367,0.0022481339958355,0.003894492110451269,0.0008317081177659706,0.004072057298657024,0.0032167100307659595
107.14519988467525,0.005408571335697763,0.00514812487108697,0.0035714604037721,0.005934816561558688,0.0036409849263456745,0.0016685122644718112,0.0009902107655097609,0.002548106099339945,0.001624272052590769,0.0024068893608807243,0.0007996666678971629,0.00016179539820300893,0.0016871145625646366,0.004386947718207921,0.0012150158620573973,0.002129860912154497,0.0056233766713810395,0.0011932485044659018,0.0028339561124757287,0.00021772738337804066,0.002696396834763067,0.002900663688755639,0.005554859650576588,0.005328865807101744,0.003770150874160834,0.007044486526413651,0.0035455399551291055,0.0014275837003184103,0.0010098398913581095,0.0025358950431420115,0.0016308863837414173,0.002526979180685249,0.001238661558705457,7.92736449696088e-05,0.0015398910677773788,0.004962810363568541,0.0007853507914767369,0.002179433210542667,0.00596011376972501,0.001909475654880958,0.0032233263083553984,0.0008058170126976586,0.003417489225263801,0.0028581172284462384
117.9499202289512,0.004491856533737578,0.004315652158569168,0.00281996102443022,0.004610950871514522,0.0029399954247598353,0.0013281127575454027,0.0008117529250046523,0.002081711023862582,0.001249120663343666,0.0019558580424488673,0.0005749262829161276,0.00010626949470948535,0.0012361820638684433,0.0035101226747967194,0.0009812847501153626,0.0016812580673696885,0.004731503410033186,0.0009300765251360325,0.002206340537180016,0.00013350760169542368,0.0020858412348258287,0.002419953739642067,0.004808524392431323,0.004691523561163422,0.003097700529828637,0.006001891809503559,0.0029582627841624946,0.001103577321962617,0.00087582229994698,0.0021212356292415937,0.0012421056810884444,0.002107111654157244,0.0010491931712148818,5.960848399455922e-05,0.0011430531707899982,0.0042363249121030976,0.0005284448778578913,0.0017807458314435427,0.005328742979448161,0.0017204300901241755,0.0026461303377943125,0.0009098264093943742,0.0028726264545727207,0.0025659727510272084
129.84420857854764,0.003937305826585703,0.003880023061150689,0.0023089607543885734,0.003726523981928433,0.0024744750126180354,0.001102323925215235,0.0007184517424942845,0.0018066835156618204,0.000994416688860093,0.0016903869169584646,0.000422753586172374,6.908261441150433e-05,0.0009055932935969949,0.002943222131993659,0.0008388994574769338,0.0013992661682626626,0.004278567495521244,0.0007747802720042334,0.001781196066330498,8.385046896760599e-05,0.0016826265944967303,0.0022234338355988223,0.004134497964771526,0.004114653258902663,0.0025256286930491886,0.005103544951533036,0.0024390366647347385,0.0008127756990460317,0.00087032366956526,0.001767558246129429,0.000934687725634682,0.0017831492203240842,0.0009833653332862787,7.137764320382033e-05,0.0008285872153418028,0.0036423182846221968,0.00032609275521823826,0.0014516227513811308,0.004784157286115084,0.0017134415231763326,0.002192092543298343,0.0011849527001657287,0.0024711687345518865,0.002339036573890178
142.9379389885435,0.003652413481458278,0.0037342548281655884,0.0019788623146194703,0.003176694536414042,0.002186528713004905,0.0009627385714074015,0.0006779900549570912,0.0016687534946482187,0.0008214120263559016,0.001549251204343555,0.0003184053719347444,4.0287753499674773e-05,0.0006771266394184623,0.0026195586379526396,0.0007653602190404696,0.0012481279693404568,0.0041768753353984365,0.0006840719296466264,0.0015039613625555993,5.872102348731508e-05,0.0014208160295869517,0.0022527822397911948,0.003560521442537411,0.0036214441443017257,0.0020902325485838793,0.004403724238436165,0.002005221911667251,0.0005687511926013689,0.0010402650551457797,0.001488918480722254,0.0007264559620182581,0.0015761851565994022,0.0010724625884521897,0.0001281220695954285,0.0006164700029368992,0.0032265612004704785,0.0001857973954616951,0.0012115487487564386,0.004354696461076993,0.0019335199682581367,0.001901682115333425,0.0016879720830063822,0.002259567979381756,0.002179729571683988
157.35206541717207,0.0031390117147644283,0.003321529917620141,0.0015681732388564205,0.002551809193189652,0.0017859551067275874,0.0007855716313915249,0.0005860011156472403,0.0014410519147871434,0.0006353727845273525,0.0013331018485623334,0.00021699343389514368,1.5855114218188462e-05,0.00046425278005305585,0.0022226713486139605,0.0006607241731630447,0.0010525273713145188,0.0038895093598761816,0.0005504694738839186,0.0011912846263487024,3.6178645395591365e-05,0.0011158718121739729,0.002137882404130025,0.003125309191618337,0.0032512461635505184,0.0018438155360476246,0.003967938596575189,0.0016848961175968135,0.0003884809487406421,0.0014554449880189876,0.0013114902287978186,0.0006452242668222003,0.0015228977284813552,0.0013617301314102382,0.0002604538215016796,0.0005398505663140689,0.003053525932440348,0.00010984290796028409,0.0010973894739775096,0.004085316974709457,0.002439454910936237,0.0018355182897958839,0.0024920516336490134,0.0023029631680890478,0.0021085346366221747
173.21973904377123,0.002725441126545381,0.0030397749039321434,0.0012175726497998247,0.0020055917341017266,0.0014351842869383593,0.0006387457016627024,0.0005300291280356603,0.001286834277356129,0.0004894560597058917,0.001185374493595173,0.0001461979990427796,1.0652048400723061e-05,0.00030164133391059195,0.0018948416068022128,0.0005889871572084631,0.0009043576150252165,0.003907585580513692,0.0004452583115125392,0.0009381926814842358,2.9186261799512253e-05,0.0008636293902382797,0.0022533573703453816,0.0028945497666327293,0.0030764937488037226,0.0018678142671797388,0.0038791833511386074,0.0015330578761021511,0.00029343398152591437,0.0022129624109903157,0.0012874156321757914,0.0007366822550099269,0.0016866944113474662,0.0019126180520440802,0.0005248402200816067,0.0006574336180186092,0.0032132432732616713,0.00010406792970184623,0.0011745792488826812,0.004051934688249975,0.003302751148145243,0.002084157317962382,0.0036848077484554235,0.002690313252474098,0.0021830452027959825
190.68753825914322,0.0025134798800483193,0.002974507467353732,0.000997332397052228,0.0016160955028466052,0.0012086984268775453,0.0005472513954242979,0.0005234794834160988,0.001232083440383541,0.00040012423381866486,0.00112622004935056,0.00011428604272648068,1.782219158389342e-05,0.00020268959261685247,0.0016558940763868892,0.0005536461498592209,0.0008182683264467563,0.00417024655297198,0.0003943624437330931,0.0007765499622471495,2.9381760958580198e-05,0.0007059147897892209,0.002577573935792425,0.002979300698016405,0.003221641119148802,0.0022872383569652907,0.004242004289510469,0.001651979953531994,0.00031483661128115084,0.003438133965425521,0.0015131411993130005,0.001074671844440777,0.00216881499997625,0.002802836201611621,0.0010141791911511889,0.0010716517413079181,0.0038254600890676206,0.00019340901779764898,0.0015499148857304344,0.004375768170955437,0.004603223870539427,0.00277635680515016,0.005362405730788151,0.003536570452060502,0.0025183390943410763
209.91682269042036,0.0013981586271455682,0.0017038439240377617,0.00048117612040448807,0.0008187504170192282,0.0006026489798287835,0.0002785625528426326,0.00025342339613437554,0.0006669141980387107,0.00017848432499615428,0.0006119791999866861,2.591109653690699e-05,0.0,3.223979708375857e-05,0.000867616869655627,0.00028556893429038447,0.0004119822691229902,0.002508399454994772,0.00017309110391132727,0.0003638422105564942,0.0,0.0003292082839198778,0.001568519624172081,0.003552551363189377,0.0038794001679144734,0.0032824854876785142,0.00518129455037364,0.00221339040953214,0.0005042520184078063,0.00527901592426376,0.002149251609627469,0.0017718512452882611,0.003115923316708114,0.004122915121540982,0.0018681779612445587,0.0019505016947246189,0.0050378715615807005,0.00043963709549872947,0.0023837826250313558,0.005232832668791874,0.006420421022194799,0.00408186778091184,0.007618852790541114,0.0049790899012984915,0.003304406222573825
231.08522376830547,0.00031497103082107024,0.0004252641027877376,5.757038752659925e-05,0.00014314067283192452,8.963118650515391e-05,4.587290004889314e-05,2.9187559310157505e-05,0.00013652554399798083,9.043332223419105e-06,0.00013221452153500552,0.0,0.0,0.0,0.00018050591278085228,5.230328597443948e-05,6.591896275909317e-05,0.0006826217003317937,3.803221954423387e-06,3.491847589790626e-05,0.0,3.374364171147422e-05,0.00045035811397442743,0.0048579825156760655,0.0053176958283376674,0.0050919379046963165,0.006832744034330498,0.0034784838656153998,0.000948764828225527,0.0078917191922665,0.0034368510364219955,0.0029864749796504543,0.0047194447948819464,0.0059681602113480555,0.0032790997864999946,0.003546807992890165,0.007014857770285176,0.0009586624344419134,0.0038971101072372296,0.006852242506904353,0.008820661943088346,0.006203524814298153,0.010530413121780964,0.007165400754117203,0.0048159321407015105
254.38828560587157,0.0010515556613255714,0.0014936708487406725,0.00016750536932551733,0.000427775666134093,0.0002783314355062685,0.00014627263988599334,0.00012498911956238836,0.00048155032304031924,2.4069401074620353e-05,0.00047009521886392055,0.0,0.0,0.0,0.0006131906737291906,0.00019262603967489902,0.0002326916495446662,0.002435831421091368,1.8993701202833044e-05,0.00010337238238529923,0.0,0.00010536153175999171,0.0016981729900756712,0.007202285699041306,0.007868292845713915,0.0079962527503189,0.009322879284577916,0.005806575746643162,0.0017888595127886523,0.011414925270790901,0.005702005113075817,0.00491890341147176,0.007201175205980825,0.008425539105123095,0.0054859041962208,0.006202723910506871,0.009913955289105113,0.0019405726140041644,0.006364851123661439,0.009496186993029197,0.01184049760166463,0.009353331053703857,0.014136269475674229,0.010230446618343396,0.007407350634010907
280.04127134662025,0.0006205377653943859,0.0008970090158946952,0.00013028539977887825,0.00020793524236004907,0.00020286257750336818,9.68846988116246e-05,0.0002453910109023759,0.00036464147605929476,5.9275044682745674e-05,0.00037754512731522343,7.708517123222896e-06,0.0,0.0,0.00042581251850569196,0.00018615046237518843,0.00021536884462272586,0.0013411500473891015,0.00010514669718414809,0.00012031626692073873,0.0,0.00012805467941871945,0.001109230808291175,0.010919723831622789,0.011885557067475547,0.0122751415924777,0.012738932103378162,0.009633931620914134,0.0032333948884805007,0.015934603746441012,0.009333790852729212,0.007790899571443072,0.010780557826574973,0.01155616830082968,0.008748900727400541,0.010321179699232562,0.013849757158467957,0.0036748981256582943,0.010085442002124183,0.01341561027490871,0.015468669493712202,0.01370958412652834,0.01841799099552177,0.014263754617279729,0.011480427807599405
308.2811516680204,0.007668449373900507,0.008721537716076942,0.007259910530612346,0.005769268225166826,0.0075869772838087985,0.0031017731690748743,0.007274122034471179,0.007205615051506768,0.0044848098779139145,0.0061417871959909874,0.004144998982153481,0.004996661472130348,0.00723881586259566,0.006926097939510067,0.004332423975660221,0.006468549345658828,0.008918190974332173,0.005992242416390631,0.006999637726798457,0.0069316840208440665,0.006340772682988353,0.009158741068220407,0.016299043734268007,0.017665380008060606,0.018132705224863335,0.017092219546489842,0.015397817001354489,0.005556802729722409,0.021443625407949394,0.014717657032813304,0.011803584304908831,0.015622800960820858,0.015375495140895073,0.013300064329939838,0.016285801498886476,0.018849088896263976,0.00656302571371055,0.015318200888846799,0.0187806456369129,0.019629871988924005,0.01935759251018281,0.02328169176922027,0.019270558287860833,0.01740750920077476
339.3687938094275,0.010125316389848685,0.01150450675936216,0.009366942882270695,0.0073788638104526575,0.00982930341135317,0.004040856851290565,0.009794033083946106,0.009523610683702286,0.005847085074598169,0.00825589544075994,0.0054157596915391125,0.00653110033816046,0.009429232197109772,0.009147728252776027,0.00581932582829933,0.008523908526417972,0.011607590565252002,0.007853341149241841,0.009082773994804427,0.009015169871718387,0.008246457547211114,0.012332463374442356,0.023473865328767926,0.025325958301312887,0.025599594473037533,0.02228254074549798,0.023391184193978332,0.009055601801683914,0.027804818612347418,0.022114315649190124,0.017077074595648094,0.021774104084933382,0.019834643229053803,0.019272429932808716,0.02432494751027065,0.024806310959609817,0.011068148798591845,0.02219122060723367,0.025594758358901504,0.024174394984249028,0.026224482934371417,0.02854751743196626,0.025134832952741076,0.02540198213014451
373.591371345629,0.008293024891514332,0.009395642401722833,0.00746435236731901,0.0058730549219209996,0.007857110289379228,0.003285278980337165,0.007892411549642094,0.007743890435426383,0.004723216760599547,0.006775767046705997,0.004368397991779823,0.005269093751328199,0.007530104679915201,0.007388171966424496,0.0047994070421785735,0.006905776486924403,0.009570801902942018,0.006278691634327771,0.007261435926036883,0.007181226597415975,0.006581820582025535,0.010363493576933114,0.03229909572698043,0.03467524795875809,0.03443662366939976,0.02807392087102086,0.03356969106905674,0.013951784356855306,0.03472854474912611,0.0315020165936216,0.023584788954227512,0.029098928394758788,0.024807225265293952,0.026623750479113195,0.03434617168446971,0.03145166117695879,0.01755746169263984,0.03059955610119228,0.03361425921568491,0.028877631317052017,0.034026325950478546,0.03395083802991211,0.03159503140222155,0.03535590718994571
411.2650169664199,0.023363181334353687,0.0256560667021579,0.02409759794357873,0.018589412744973288,0.024850262408009697,0.009913655015323994,0.023554156696301374,0.02284373425942062,0.014827310332037226,0.019125749619840707,0.01394902998231195,0.016891833550921283,0.024666598475168618,0.021579478216580784,0.013763413755411963,0.02097417131582922,0.024404080676205784,0.019927229655875782,0.023299477270966876,0.02372977514756893,0.02094692384736576,0.026701100882408985,0.042258544618520674,0.04511479158545393,0.04407707275953616,0.03409228664201291,0.045381828216055506,0.020267234132066037,0.041775530901304384,0.04243711240428644,0.031103581839198882,0.03724038856916292,0.03008579359784526,0.035079388622963587,0.045801903376339936,0.038346445911891916,0.026068839734511587,0.04012943864162998,0.04230431201027905,0.03345222637676116,0.04224929457623032,0.03915800824718084,0.03824340883755901,0.04670320125856011
452.73774276737885,0.05415448200630687,0.05890781167167168,0.05760940346810314,0.04433754713145205,0.05922169515620611,0.023919619510865506,0.05546789792301987,0.05374942018809599,0.0357521706039228,0.04469115392543516,0.033702508983072435,0.040837065386302523,0.059248559120922806,0.05050196217275622,0.032598097470217635,0.0497737456461942,0.05494138286282901,0.047426436645951205,0.05560508960066516,0.056832701117807645,0.0500149954648908,0.060171214046354386,0.052456078785687095,0.055637799464203594,0.053644207012935,0.03985230590865976,0.05771855236179405,0.027732761522041186,0.048391621146531776,0.054007363691777235,0.039201588605711615,0.04562385267983811,0.03539079687800449,0.0441203522022883,0.05766047979394423,0.04491498011373902,0.03613577442154209,0.05004747846049471,0.050861220139325494,0.03757337675802879,0.05018234800644476,0.043796881656296305,0.04455618326561831,0.05838691221516468
498.39265502817454,0.08026745925489741,0.08661456081589654,0.08567568370835825,0.06610371370869364,0.08820491736744256,0.03741203135727803,0.08228086947932414,0.08042531492999969,0.05491237937144758,0.06726316675567691,0.05162777954765091,0.06255001893170341,0.08854323207491051,0.07478008483857052,0.05023644143566798,0.07488058314050185,0.0804762716377272,0.07027111291098408,0.08263120722461588,0.08407879463975157,0.07455264599861132,0.08837392834051418,0.061722257145132076,0.0649568862154168,0.06206178887242212,0.044813878785735395,0.06904865050962729,0.03579625092031083,0.053973713836367225,0.06493018812441137,0.04727605153826007,0.05351375870707969,0.04039260978138452,0.05303094891097844,0.0685298813328554,0.05051451065186713,0.046813949428472994,0.059377597828714206,0.058314740206727396,0.040914865870580776,0.057006344753001065,0.047498940298481195,0.049954676775094756,0.06898517675423456
548.6514931750702,0.09622508288552127,0.10276624529227771,0.1023374900453637,0.07932884855486609,0.10570536145045717,0.048134216215213625,0.09828194635018926,0.09745313409161944,0.06880935635791315,0.08241267641668142,0.06440411104086895,0.07800490109547058,0.1064547756792861,0.08923348963598325,0.06356390996980511,0.09129123294495302,0.09547720964135814,0.0835365614430435,0.09862864561250505,0.09952703033810523,0.08940880534775546,0.10530809362669956,0.06882526150585071,0.07174824078914137,0.06824353681409003,0.0484603354873673,0.07772615903836984,0.0437424659839515,0.057957311278432344,0.07378789510981393,0.05463640320244852,0.0601173589958354,0.044744434772536056,0.0610002244332028,0.07692118374937151,0.054533134667960045,0.056927155959374004,0.06705749390096948,0.06369733278064614,0.04319057318685582,0.061926880973929434,0.04994675276996278,0.053888820207355435,0.07698578226913942
603.9785256189559,0.10302640852657742,0.10852315315833175,0.10873233222007817,0.08485597367096918,0.11285970473776458,0.05628356481139002,0.1045467684251442,0.10576019023183861,0.07789471722114162,0.0908286938139113,0.0724830251303621,0.08775137652595662,0.11410351489926754,0.09484052855783541,0.07292718388503289,0.09982908760964244,0.10099826882773906,0.08818678960849599,0.10469876546182298,0.10437536234428887,0.09554067606962117,0.11209083228597964,0.0727307274960278,0.07494784540601572,0.07131599313564091,0.050383005897078975,0.0823742737844652,0.05086923283850752,0.05990863361414005,0.07932917168835255,0.06061147594798793,0.06471338451838772,0.04812137857709215,0.0672517483037732,0.08157719632756794,0.05649571346743093,0.06539649911634832,0.07213577362208227,0.06624058058252119,0.04419423573924788,0.06432190208402769,0.050918428179444586,0.055926788422500824,0.08113020909493598
664.8848384569079,0.10169114359838755,0.10506843824617408,0.10602035009070132,0.0835453379381703,0.11082768450419471,0.062065293717100734,0.10217261811984682,0.10629403158143688,0.08263267452188748,0.09321655119350414,0.07632807293670521,0.09235370069130566,0.11263278655872494,0.09259919329467972,0.07868398157491072,0.10133612108720214,0.09811452220568237,0.08520458344662185,0.10196477338724962,0.09984451050397396,0.09392493958256376,0.10986196638051716,0.07283347280527808,0.0740087802227209,0.07081256383397717,0.050353192036246365,0.08221752546196637,0.056636185745456535,0.05960087362067215,0.08074006888562493,0.06465216229596296,0.0667753726843744,0.05025946904850876,0.07116735226735277,0.08176372675429155,0.056152836987719695,0.07147848114814537,0.07395612108527194,0.06554469050437144,0.043829845516597875,0.06386687099174602,0.05032051116378365,0.0558308426133899,0.08071613937441365
731.9330566543474,0.09323899552127327,0.09358525438791993,0.0953616835154327,0.07625719023763648,0.10076903802457718,0.06568461950363909,0.09225677784995473,0.1000022063711937,0.08348744082090505,0.09028158080159715,0.07640280558047294,0.09237612905966175,0.10318592748152833,0.0835074755370686,0.08119202143299792,0.09665430733026398,0.0879010427840004,0.07557272899670132,0.09154987600346454,0.08715519466283178,0.08553827730493833,0.09976131797247453,0.0690940968861884,0.06903893407548334,0.066782038805088,0.04836427156401083,0.07726263068909348,0.06073137282920498,0.05705644436545919,0.07780923681908358,0.06640542667858228,0.06606153964588544,0.05098819781292828,0.0723758896474372,0.07743757115984695,0.05353028791154396,0.07483120275550693,0.07228154378444043,0.06167170928575718,0.04212650440740993,0.060603769125204994,0.04820261325804725,0.0536013049695918,0.07576628839475655
805.7425413199549,0.07868967171555584,0.07525675541568433,0.0779164723524716,0.06385177945053479,0.0838435025737417,0.06734675874229848,0.07589653003112543,0.08783226283188837,0.08092322867894865,0.08272911488432767,0.07317077418223995,0.08838291709916878,0.0869062744915475,0.06856336697555435,0.08080902185285371,0.08662562029145963,0.07143290357150538,0.060274012298014316,0.07457727992514732,0.06752813466653333,0.0713573706550998,0.08292870912401404,0.06204562909440646,0.060777801603827016,0.059779983729205545,0.04463345300264659,0.0682882884918248,0.06305614474624749,0.05254468082078555,0.07095795294368114,0.06574861263850598,0.06265326878559607,0.050251341051891114,0.07079340372750852,0.0692502820783162,0.048925861639528855,0.07544574522799143,0.06733299893123262,0.055134930820706335,0.0392345719070754,0.05493471165916001,0.04475064583105605,0.04947774353072169,0.06702129314271377
886.9951110834044,0.059062879601557136,0.05126609516158276,0.05484485646001781,0.04718935445803248,0.061210815426518066,0.0672569280043722,0.054189157079016864,0.0707317491943007,0.07540425065677263,0.07126448568783308,0.06709552986258092,0.08093832027797078,0.06493716441265261,0.0487648593006897,0.07789270122803744,0.0720920339234212,0.04978517757700976,0.04029121938984135,0.05217019176697785,0.042184050360750285,0.05235890105140353,0.060503961897298515,0.0526730601265457,0.0504212150411674,0.05074608193007569,0.039562615402030564,0.05665868154834437,0.06366588455630016,0.046535254965460335,0.061143952964846565,0.0627867740890251,0.056937267203614944,0.048112957994585606,0.06661700673457087,0.05839499622439275,0.04285397532237089,0.07352785084914888,0.059740254368356775,0.046787547350970515,0.035403793646117704,0.047541662003463235,0.040259929479367115,0.04389685981932533,0.05576630142607996
976.4413404274303,0.03537832659959858,0.022796427457730372,0.027306975696270636,0.02713016414129664,0.0340307138577361,0.06562034386115373,0.028231941409286573,0.049648213689209894,0.06739471931513141,0.05659302545825083,0.058640623742070616,0.07060659406421176,0.03842193406871366,0.025109944203027073,0.07280077795210839,0.05389552217878051,0.024032937809325836,0.01660713631146244,0.02545181814363576,0.012343661591153725,0.029519549912204592,0.033626898354490335,0.042200126697079024,0.03934708696694798,0.04080300343770783,0.03366770428987821,0.04401257975175812,0.0627065502728562,0.03961831554451675,0.04966725103546418,0.05782364526045544,0.049537751084774095,0.04474804071835052,0.06028374959809141,0.046341029114500346,0.03595195792259032,0.06939421730840242,0.050420564200578964,0.03764241134851377,0.03094779143845005,0.039253784370228355,0.03509355699449841,0.03741712624181629,0.04354061869552279
1074.907493155354,0.008655720130001689,0.0,0.0,0.004534457381494387,0.003462935142225359,0.06264222288393641,0.0,0.02552920454739557,0.057358847214779234,0.03942006644171806,0.04826960694128359,0.057951993926035734,0.008503920283600551,0.0,0.0658909704186258,0.03287805901016925,0.0,0.0,0.0,0.0,0.00381599865585799,0.003437340557751771,0.0318391022550917,0.02882222745810372,0.031032947551626094,0.027493353464769693,0.031907036376679195,0.06036842469617865,0.032409868638531035,0.03791653798874495,0.05131701662384836,0.04121308834686627,0.04041974598102518,0.05240635709777367,0.03452577974242884,0.028871069320234276,0.06340953374994729,0.040412032939297106,0.028672913102222405,0.026201874986955084,0.03089700088758054,0.02963412495103278,0.030627791799867413,0.031807260567837524
1183.3031550423168,0.0,0.0,0.0,0.0,0.0,0.05852778164401354,0.0,0.0,0.04576084691647048,0.020450940884372215,0.036446030580794604,0.04353877533158666,0.0,0.0,0.05752099702114895,0.009881618370219435,0.0,0.0,0.0,0.0,0.0,0.0,0.02256797067302289,0.019772469615606008,0.0222907733154091,0.02153177828634939,0.021511636483715298,0.05685991057700671,0.025463094443048423,0.027108389150595505,0.043824798197639084,0.03273663823947857,0.0354470766406505,0.04369413194043052,0.02408421559607074,0.02217749846147267,0.055966432585043836,0.030695967217120472,0.020647120728932454,0.021481988192298112,0.023162495799299285,0.024237682186605127,0.024062371733925683,0.021671978715455797
1302.6296361771977,0.0,0.0,0.0,0.0,0.0,0.0534822367126785,0.0,0.0,0.03306493098095937,0.0003909810323504162,0.023633445781178156,0.027931193749008397,0.0,0.0,0.048048576153237064,0.0,0.0,0.0,0.0,0.0,0.0,0.0,0.014990609834461868,0.012673072622766516,0.015096919110046217,0.01616214029276403,0.013439579289039254,0.05239550873571001,0.01920284699026487,0.01808313387757711,0.03594407609442175,0.024784314090382585,0.030168065698619573,0.034865340272432016,0.015685582071788932,0.016283567952590186,0.0474987366255864,0.02204576481152098,0.014033081989731782,0.017051628714042363,0.01652213190004857,0.019197426501499196,0.018133740096288136,0.0137281479969624
1433.9892206122393,0.0,0.0,0.0,0.0,0.0,0.04771080466122479,0.0,0.0,0.019735311969000583,0.0,0.010295403663009314,0.011693504646445365,0.0,0.0,0.03783142620844969,0.0,0.0,0.0,0.0,0.0,0.0,0.0,0.009307902156736983,0.007571270504229053,0.00962475387183193,0.011619753073618275,0.007753919071763429,0.047191500639309394,0.01389299245737994,0.011212830755877898,0.028245583726647656,0.017850426047959868,0.024903856305218193,0.026559722183503297,0.009510934277921566,0.011419241399511096,0.038507759376870565,0.014934933235395426,0.008987840060814527,0.01310118829635292,0.011202619688719263,0.014721837440896762,0.013100766797455839,0.008059420611391494
1578.5953487644877,0.0,0.0,0.0,0.0,0.0,0.04141870206094555,0.0,0.0,0.006236202441347983,0.0,0.0,0.0,0.0,0.0,0.02722726558034574,0.0,0.0,0.0,0.0,0.0,0.0,0.0,0.005389412241551652,0.004206697138943121,0.005766555165292289,0.007996073454680867,0.0041179686243004365,0.04146536082820808,0.009637162506342174,0.0064398273289873135,0.02121006950783651,0.012207067707353692,0.01992856841158093,0.01926434965008039,0.005354632138186375,0.007642443201368256,0.02957066493616785,0.009520928403536959,0.005416017049402507,0.00974110791368912,0.007212777980456468,0.010928447537785822,0.009067595303794859,0.004372167376168736
1737.7838266294184,0.0,0.0,0.0,0.0,0.0,0.03481114548313429,0.0,0.0,0.0,0.0,0.0,0.0,0.0,0.0,0.016593812662484678,0.0,0.0,0.0,0.0,0.0,0.0,0.0,0.002903403903679668,0.0021691152554886837,0.00324178651354204,0.00526306224417839,0.0020072836292643705,0.03543742007683427,0.006405754106829576,0.003414375612271505,0.015177559816339692,0.007911072850960299,0.015448589455415726,0.013267901148114433,0.0027921183996288197,0.004877436021462724,0.021299127712073603,0.005698428036278014,0.0030659696529865468,0.007007364335207995,0.0044053221769811786,0.007851269232527595,0.0060089235310152945,0.0021858843673662844
1913.0251653524417,0.0,0.0,0.0,0.0,0.0,0.02809335149908449,0.0,0.0,0.0,0.0,0.0,0.0,0.0,0.0,0.0062887858484259864,0.0,0.0,0.0,0.0,0.0,0.0,0.0,0.0014522872183061516,0.0010359810019123048,0.0017074564683691419,0.003311198231760244,0.000895740903908998,0.02933414908028783,0.004077602548404246,0.0016661952900634222,0.010321204924964394,0.004849782135174659,0.011593128123318563,0.008653734515139979,0.001345393773328391,0.00296605450712558,0.014238504814618708,0.0031951729731411033,0.001628162817732329,0.004875769092131947,0.0025498924378573678,0.005457726216539289,0.0038100958760231714,0.0010047487706651953
2105.9381651456497,0.0,0.0,0.0,0.0,0.0,0.021470536680089254,0.0,0.0,0.0,0.0,0.0,0.0,0.0,0.0,0.0,0.0,0.0,0.0,0.0,0.0,0.0,0.0,0.0006732370384168148,0.00045749657764435704,0.0008414262307345616,0.0019898842055764846,0.0003651174792456165,0.023390668224655027,0.0024842995683097683,0.0007463857971645006,0.00665224474009244,0.002807506863647532,0.008415855436591891,0.005331500216810658,0.0005978530808212457,0.0017173951889379161,0.008740524270908016,0.0016750824475855177,0.00081001684234981,0.0032806943968338984,0.0013974374349539952,0.0036701057234687683,0.0023101604379367857,0.00042371803484871296
2318.304869031846,0.0,0.0,0.0,0.0,0.0,0.015147917597442205,0.0,0.0,0.0,0.0,0.0,0.0,0.0,0.0,0.0,0.0,0.0,0.0,0.0,0.0,0.0,0.0,0.00028875748052578073,0.00018651313962072,0.00038747043156481866,0.0011415344319049621,0.00013568227364020382,0.017846706268632027,0.0014478594489674335,0.0003062042080435994,0.0040534442718997,0.001532275780893778,0.005905633000712032,0.0030953318893019023,0.00024456183862297214,0.0009461402768465804,0.004876957945600745,0.0008195960363488673,0.0003770759005026288,0.002134098992836658,0.000724487297226342,0.0023869572735605925,0.0013386217521349005,0.00016364211422995005
2552.0870245518645,0.0,0.0,0.0,0.0,0.0,0.009330710822436493,0.0,0.0,0.0,0.0,0.0,0.0,0.0,0.0,0.0,0.0,0.0,0.0,0.0,0.0,0.0,0.0,0.00011442221929038446,7.009880035474972e-05,0.00016654186283234624,0.0006247492317038887,4.589224348959774e-05,0.012929123908602541,0.0008067545479217163,0.00011481237695227859,0.0023296536624309518,0.000787294722986405,0.0040030760724327095,0.0016897874208746295,9.194881610881624e-05,0.0004956136474443038,0.002450405089473627,0.00037366686842891486,0.00016406760369609585,0.0013417826687959424,0.0003550300940794393,0.0015011180691725929,0.0007408635046299664,5.7787114830222534e-05
2809.4442055008767,0.0,0.0,0.0,0.0,0.0,0.004224132926365592,0.0,0.0,0.0,0.0,0.0,0.0,0.0,0.0,0.0,0.0,0.0,0.0,0.0,0.0,0.0,0.0,4.1834726399292e-05,2.4257989929966648e-05,6.67461654569763e-05,0.00032600992812064527,1.410826039303713e-05,0.008819492631054152,0.00042956617748774487,3.927662836169398e-05,0.0012602423380644965,0.00038032089457996134,0.0026192545713624236,0.0008657060482472053,3.1729693362478e-05,0.00024669522068240254,0.001099524902444625,0.00015851322357185666,6.665673348553906e-05,0.0008151977288485897,0.00016432778536944466,0.000912631415639997,0.00039142848119574317,1.8633791043537846e-05
3092.7537610941845,0.0,0.0,0.0,0.0,0.0,3.3400480522913335e-05,0.0,0.0,0.0,0.0,0.0,0.0,0.0,0.0,0.0,0.0,0.0,0.0,0.0,0.0,0.0,0.0,1.4096707934414612e-05,7.72090691258827e-06,2.492008114569478e-05,0.00016211903334284022,3.937405956492513e-06,0.005616383013719219,0.00021846721095205798,1.2240252951140306e-05,0.0006404551860488379,0.00017252926095875123,0.0016532079754510943,0.00041548793593820853,1.0037413513049693e-05,0.0001166151267218391,0.0004374585932645921,6.248668319119078e-05,2.5264131965274118e-05,0.0004784687876824198,7.179113917852652e-05,0.0005362835590553034,0.00019732629818871705,5.480334194014729e-06
3404.6327768438214,0.0,0.0,0.0,0.0,0.0,0.0,0.0,0.0,0.0,0.0,0.0,0.0,0.0,0.0,0.0,0.0,0.0,0.0,0.0,0.0,0.0,0.0,4.3733713846513504e-06,2.2580479031692736e-06,8.660395666819394e-06,7.678953269149581e-05,9.965809395564864e-07,0.0033110903593764206,0.00010607600638267696,3.4704909344275547e-06,0.0003052531897067792,7.342056060370491e-05,0.0010059287368200244,0.00018651619487499815,2.9077220186649337e-06,5.232294076778318e-05,0.00015338510767651565,2.2864324224309476e-05,8.925996856103753e-06,0.0002712400427711491,2.9585124210581056e-05,0.00030452479301332734,9.487148664396894e-05,1.468665097532674e-06
3747.9622500105816,0.0,0.0,0.0,0.0,0.0,0.0,0.0,0.0,0.0,0.0,0.0,0.0,0.0,0.0,0.0,0.0,0.0,0.0,0.0,0.0,0.0,0.0,1.248095230463004e-06,6.062903513535018e-07,2.799463807415336e-06,3.462887824764263e-05,2.285651175977568e-07,0.0017929936841488173,4.915223967946304e-05,8.942266662409496e-07,0.00013624337965610763,2.9282512536064105e-05,0.0005897079786319198,7.820653464630858e-05,7.706440889829227e-07,2.227193123847203e-05,4.715309314474697e-05,7.757860801514386e-06,2.9375889220128985e-06,0.00014847955235374515,1.1494022632933776e-05,0.0001670680448417351,4.3483031156958676e-05,3.5833135939023455e-07
4125.913702953459,0.0,0.0,0.0,0.0,0.0,0.0,0.0,0.0,0.0,0.0,0.0,0.0,0.0,0.0,0.0,0.0,0.0,0.0,0.0,0.0,0.0,0.0,3.273939815424922e-07,1.4934319478591931e-07,8.411613731570349e-07,1.4861509003076374e-05,4.7466478788326645e-08,0.0008855086851263537,2.1726930707759832e-05,2.0918923697657437e-07,5.686904350819113e-05,1.0936386405533066e-05,0.00033288468698310065,3.0591876153066865e-05,1.8670982469598223e-07,8.989913395043572e-06,1.2654517801523218e-05,2.438660519592548e-06,8.999753752076567e-07,7.846916879301265e-05,4.207684351367169e-06,8.853669492203907e-05,1.8991851639790317e-05,7.95393437369955e-08
4541.978480218433,0.0,0.0,0.0,0.0,0.0,0.0,0.0,0.0,0.0,0.0,0.0,0.0,0.0,0.0,0.0,0.0,0.0,0.0,0.0,0.0,0.0,0.0,7.888274517543553e-08,3.372562019735761e-08,2.3480138713224674e-07,6.067510032417401e-06,8.920195538715005e-09,0.0003963592160874193,9.15859133686162e-06,4.4391732813705515e-08,2.217328709657218e-05,3.822032064824372e-06,0.00018084712160696298,1.1151576956419557e-05,4.132148066750985e-08,3.4395800787487157e-06,2.954088184293443e-06,7.096473503492241e-07,2.5652446383159737e-07,4.0027820858476516e-05,1.450721982859975e-06,4.5314001610492854e-05,7.901733751199199e-06,1.60526636978412e-08
5000.000000000004,0.0,1.0908730827206485e-16,0.0,0.0,0.0,0.0,0.0,0.0,4.8660193276103866e-17,0.0,0.0,0.0,0.0,0.0,3.965053254776562e-17,0.0,0.0,0.0,0.0,0.0,1.2030717846763465e-16,0.0,1.7446604893227292e-08,6.978300903978261e-09,6.085775540585719e-08,2.355757318465252e-06,1.5161438062621386e-09,0.0001599224927403291,3.680379265360387e-06,8.539269206980679e-09,8.067244483066124e-06,1.249068376659294e-06,9.451070199332941e-05,3.7845922880355514e-06,8.348289264830463e-09,1.2469349134462947e-06,5.980455917880772e-07,1.9103343791935094e-07,6.79931763251456e-08,1.9704728087705262e-05,4.7088181251754883e-07,2.2394649291817942e-05,3.130708156169949e-06,2.9440791503865764e-09
