Size,ST4-D2,ST4-D3,ST4-D4,ST4-D5,ST4-D6,ST5-D1,ST5-D2,ST5-D3,ST5-D4,ST5-D5,ST7-D1,ST7-D2,ST7-D3,ST7-D5,ST7-D6,ST4-U1,ST4-U2,ST4-U3,ST4-U4,ST4-U5,ST4-U6,ST4-U7,ST4-U9,ST4-U11,ST4-U14,ST5-U1,ST5-U2,ST5-U3,ST5-U4,ST5-U5,ST5-U6,ST5-U7,ST5-U8,ST5-U9,ST5-U10,ST5-U11,ST5-U12,ST6-U1,ST6-U2,ST6-U3,ST6-U4,ST6-U5,ST6-U8,ST6-U10,ST7-U1,ST7-U2,ST7-U3,ST7-U5,ST7-U7
0.37,0.00080,0.00089,0.00083,0.00068,0.00077,0.00077,0.00075,0.00066,0.00064,0.00072,0.00081,0.00068,0.00047,0.00054,0.00069,0.00065,0.00087,0.00105,0.00080,0.00092,0.00075,0.00063,0.00072,0.00075,0.00053,0.00053,0.00068,0.00068,0.00064,0.00061,0.00057,0.00050,0.00045,0.00069,0.00062,0.00070,0.00065,0.00064,0.00058,0.00064,0.00067,0.00063,0.00069,0.00062,0.00061,0.00075,0.00070,0.00065,0.00057
0.44,0.00084,0.00094,0.00088,0.00071,0.00083,0.00082,0.00081,0.00071,0.00070,0.00079,0.00090,0.00074,0.00050,0.00058,0.00075,0.00071,0.00094,0.00114,0.00087,0.00101,0.00082,0.00067,0.00080,0.00084,0.00056,0.00057,0.00075,0.00074,0.00070,0.00067,0.00062,0.00054,0.00047,0.00075,0.00066,0.00077,0.00072,0.00067,0.00061,0.00069,0.00071,0.00067,0.00074,0.00067,0.00067,0.00075,0.00085,0.00070,0.00063
0.52,0.00091,0.00103,0.00096,0.00075,0.00092,0.00090,0.00091,0.00079,0.00079,0.00089,0.00103,0.00084,0.00058,0.00063,0.00085,0.00078,0.00104,0.00129,0.00098,0.00116,0.00093,0.00076,0.00090,0.00100,0.00061,0.00064,0.00084,0.00084,0.00078,0.00077,0.00069,0.00060,0.00053,0.00084,0.00075,0.00087,0.00081,0.00073,0.00067,0.00076,0.00079,0.00074,0.00082,0.00075,0.00075,0.00089,0.00085,0.00078,0.00071
0.61,0.00101,0.00114,0.00108,0.00081,0.00105,0.00101,0.00105,0.00091,0.00092,0.00105,0.00123,0.00096,0.00067,0.00073,0.00098,0.00088,0.00118,0.00151,0.00114,0.00138,0.00109,0.00086,0.00108,0.00123,0.00066,0.00074,0.00098,0.00100,0.00090,0.00089,0.00079,0.00069,0.00060,0.00096,0.00087,0.00101,0.00095,0.00080,0.00074,0.00087,0.00089,0.00083,0.00094,0.00087,0.00087,0.00102,0.00100,0.00090,0.00082
0.72,0.00113,0.00128,0.00121,0.00088,0.00121,0.00114,0.00122,0.00105,0.00108,0.00126,0.00147,0.00112,0.00079,0.00083,0.00118,0.00101,0.00136,0.00178,0.00134,0.00166,0.00130,0.00100,0.00132,0.00154,0.00073,0.00086,0.00116,0.00120,0.00107,0.00108,0.00091,0.00079,0.00068,0.00114,0.00103,0.00120,0.00114,0.00089,0.00082,0.00099,0.00101,0.00094,0.00110,0.00102,0.00102,0.00115,0.00129,0.00105,0.00098
0.85,0.00127,0.00145,0.00137,0.00097,0.00139,0.00131,0.00143,0.00122,0.00126,0.00149,0.00177,0.00132,0.00093,0.00095,0.00141,0.00116,0.00156,0.00210,0.00157,0.00198,0.00153,0.00116,0.00157,0.00187,0.00082,0.00098,0.00137,0.00143,0.00126,0.00128,0.00103,0.00089,0.00077,0.00135,0.00121,0.00141,0.00136,0.00099,0.00092,0.00114,0.00116,0.00108,0.00125,0.00120,0.00118,0.00141,0.00144,0.00124,0.00116
1.01,0.00153,0.00175,0.00164,0.00116,0.00167,0.00158,0.00173,0.00146,0.00152,0.00182,0.00216,0.00161,0.00114,0.00116,0.00173,0.00138,0.00188,0.00255,0.00190,0.00242,0.00185,0.00142,0.00194,0.00229,0.00098,0.00118,0.00166,0.00172,0.00155,0.00154,0.00121,0.00106,0.00091,0.00165,0.00144,0.00173,0.00167,0.00118,0.00110,0.00137,0.00140,0.00130,0.00151,0.00146,0.00146,0.00167,0.00187,0.00149,0.00141
1.19,0.00214,0.00245,0.00229,0.00160,0.00233,0.00221,0.00243,0.00202,0.00212,0.00252,0.00305,0.00231,0.00158,0.00161,0.00247,0.00192,0.00264,0.00358,0.00268,0.00339,0.00258,0.00197,0.00268,0.00320,0.00136,0.00161,0.00230,0.00238,0.00214,0.00211,0.00163,0.00143,0.00122,0.00231,0.00199,0.00239,0.00233,0.00164,0.00152,0.00190,0.00196,0.00179,0.00210,0.00202,0.00204,0.00242,0.00258,0.00207,0.00196
1.4,0.00321,0.00368,0.00343,0.00235,0.00352,0.00331,0.00368,0.00304,0.00319,0.00379,0.00470,0.00363,0.00243,0.00243,0.00382,0.00289,0.00400,0.00549,0.00411,0.00521,0.00393,0.00298,0.00407,0.00498,0.00199,0.00239,0.00349,0.00363,0.00317,0.00312,0.00238,0.00210,0.00173,0.00344,0.00299,0.00358,0.00347,0.00245,0.00227,0.00287,0.00295,0.00267,0.00314,0.00302,0.00314,0.00369,0.00399,0.00314,0.00303
1.65,0.00409,0.00471,0.00435,0.00291,0.00451,0.00421,0.00472,0.00386,0.00407,0.00484,0.00619,0.00485,0.00316,0.00310,0.00499,0.00369,0.00513,0.00710,0.00532,0.00678,0.00507,0.00381,0.00526,0.00655,0.00249,0.00306,0.00448,0.00467,0.00405,0.00396,0.00295,0.00261,0.00211,0.00440,0.00379,0.00453,0.00442,0.00310,0.00289,0.00368,0.00379,0.00342,0.00403,0.00388,0.00411,0.00492,0.00524,0.00401,0.00394
1.95,0.00493,0.00570,0.00522,0.00342,0.00544,0.00508,0.00575,0.00465,0.00495,0.00589,0.00761,0.00608,0.00382,0.00374,0.00612,0.00447,0.00624,0.00865,0.00651,0.00827,0.00619,0.00466,0.00641,0.00815,0.00300,0.00372,0.00547,0.00570,0.00490,0.00479,0.00352,0.00314,0.00251,0.00537,0.00457,0.00548,0.00533,0.00374,0.00349,0.00446,0.00462,0.00413,0.00488,0.00468,0.00504,0.00603,0.00634,0.00481,0.00481
2.3,0.00597,0.00688,0.00625,0.00404,0.00660,0.00613,0.00703,0.00563,0.00607,0.00721,0.00966,0.00783,0.00486,0.00470,0.00779,0.00547,0.00754,0.01050,0.00795,0.01009,0.00758,0.00576,0.00795,0.01039,0.00368,0.00455,0.00676,0.00706,0.00600,0.00581,0.00431,0.00385,0.00304,0.00657,0.00559,0.00668,0.00654,0.00453,0.00431,0.00551,0.00572,0.00511,0.00607,0.00582,0.00634,0.00754,0.00803,0.00601,0.00623
2.72,0.00695,0.00800,0.00725,0.00457,0.00770,0.00709,0.00821,0.00651,0.00708,0.00834,0.01130,0.00924,0.00697,0.00538,0.00894,0.00636,0.00878,0.01221,0.00928,0.01172,0.00886,0.00667,0.00914,0.01220,0.00420,0.00536,0.00793,0.00824,0.00692,0.00665,0.00497,0.00443,0.00341,0.00757,0.00643,0.00765,0.00747,0.00525,0.00499,0.00638,0.00660,0.00588,0.00699,0.00777,0.00736,0.00876,0.00941,0.00691,0.00723
3.2,0.00806,0.00922,0.00838,0.00524,0.00905,0.00817,0.00956,0.00760,0.00829,0.00972,0.01345,0.01105,0.01214,0.00642,0.01049,0.00740,0.01011,0.01404,0.01076,0.01348,0.01037,0.00782,0.01068,0.01448,0.00491,0.00630,0.00932,0.00967,0.00813,0.00769,0.00588,0.00528,0.00396,0.00887,0.00751,0.00888,0.00869,0.00613,0.00588,0.00752,0.00775,0.00693,0.00826,0.01230,0.00870,0.01042,0.01140,0.00827,0.00882
3.78,0.00951,0.01078,0.00987,0.00607,0.01081,0.00955,0.01127,0.00896,0.00974,0.01135,0.01578,0.01302,0.01592,0.00753,0.01198,0.00870,0.01185,0.01642,0.01265,0.01572,0.01229,0.00915,0.01238,0.01692,0.00566,0.00748,0.01100,0.01133,0.00950,0.00888,0.00689,0.00624,0.00458,0.01034,0.00877,0.01029,0.01008,0.00725,0.00686,0.00883,0.00900,0.00809,0.00958,0.01557,0.01015,0.01206,0.01353,0.00975,0.01044
4.46,0.01156,0.01297,0.01200,0.00734,0.01341,0.01152,0.01377,0.01100,0.01184,0.01374,0.01900,0.01575,0.01419,0.00918,0.01403,0.01053,0.01428,0.01973,0.01529,0.01882,0.01509,0.01112,0.01490,0.02034,0.00678,0.00919,0.01339,0.01371,0.01151,0.01064,0.00840,0.00770,0.00556,0.01255,0.01066,0.01240,0.01220,0.00889,0.00830,0.01077,0.01083,0.00980,0.01156,0.01467,0.01220,0.01450,0.01655,0.01201,0.01281
5.27,0.01401,0.01557,0.01455,0.00891,0.01652,0.01381,0.01673,0.01346,0.01433,0.01652,0.02273,0.01900,0.01398,0.01124,0.01627,0.01266,0.01712,0.02351,0.01829,0.02223,0.01835,0.01343,0.01775,0.02400,0.00809,0.01112,0.01618,0.01644,0.01387,0.01266,0.01014,0.00933,0.00672,0.01509,0.01289,0.01487,0.01469,0.01088,0.01002,0.01312,0.01299,0.01185,0.01385,0.01514,0.01455,0.01734,0.02044,0.01493,0.01565
6.21,0.01657,0.01834,0.01724,0.01070,0.01966,0.01616,0.01976,0.01600,0.01693,0.01936,0.02638,0.02234,0.01709,0.01358,0.01842,0.01480,0.02002,0.02714,0.02114,0.02534,0.02157,0.01583,0.02059,0.02719,0.00952,0.01294,0.01902,0.01913,0.01625,0.01466,0.01197,0.01088,0.00792,0.01768,0.01528,0.01744,0.01735,0.01295,0.01186,0.01562,0.01525,0.01407,0.01619,0.01816,0.01689,0.02030,0.02447,0.01823,0.01853
7.33,0.01908,0.02105,0.01988,0.01263,0.02256,0.01834,0.02252,0.01842,0.01939,0.02197,0.02939,0.02543,0.02249,0.01599,0.02038,0.01674,0.02266,0.03014,0.02349,0.02789,0.02442,0.01810,0.02310,0.02953,0.01097,0.01452,0.02161,0.02143,0.01843,0.01647,0.01377,0.01218,0.00911,0.02014,0.01759,0.01987,0.01991,0.01497,0.01365,0.01801,0.01744,0.01628,0.01834,0.02271,0.01906,0.02300,0.02808,0.02164,0.02123
8.65,0.02213,0.02422,0.02309,0.01504,0.02612,0.02088,0.02565,0.02135,0.02237,0.02513,0.03255,0.02898,0.02509,0.01887,0.02281,0.01900,0.02570,0.03347,0.02612,0.03087,0.02775,0.02084,0.02604,0.03221,0.01275,0.01653,0.02472,0.02410,0.02101,0.01870,0.01610,0.01375,0.01063,0.02314,0.02042,0.02273,0.02289,0.01740,0.01576,0.02082,0.02004,0.01893,0.02089,0.02494,0.02166,0.02626,0.03216,0.02560,0.02454
10.21,0.02546,0.02761,0.02650,0.01798,0.02965,0.02358,0.02885,0.02450,0.02585,0.02881,0.03568,0.03274,0.02821,0.02234,0.02591,0.02147,0.02889,0.03674,0.02876,0.03364,0.03105,0.02399,0.02928,0.03499,0.01495,0.01869,0.02833,0.02713,0.02406,0.02150,0.01902,0.01564,0.01256,0.02666,0.02376,0.02601,0.02619,0.02008,0.01824,0.02404,0.02307,0.02204,0.02384,0.02744,0.02464,0.03033,0.03660,0.03001,0.02856
12.05,0.02883,0.03107,0.03000,0.02155,0.03295,0.02635,0.03201,0.02761,0.02927,0.03253,0.03795,0.03600,0.03364,0.02611,0.02956,0.02406,0.03198,0.03960,0.03117,0.03619,0.03437,0.02700,0.03211,0.03713,0.01743,0.02091,0.03197,0.03015,0.02735,0.02459,0.02255,0.01780,0.01471,0.03028,0.02729,0.02923,0.02939,0.02287,0.02079,0.02731,0.02607,0.02523,0.02665,0.03118,0.02764,0.03439,0.04030,0.03396,0.03274
14.22,0.03380,0.03623,0.03528,0.02703,0.03797,0.03054,0.03666,0.03212,0.03407,0.03781,0.04119,0.04032,0.03800,0.03168,0.03511,0.02806,0.03654,0.04391,0.03484,0.04036,0.03953,0.03109,0.03594,0.04040,0.02111,0.02440,0.03722,0.03485,0.03254,0.02949,0.02800,0.02124,0.01798,0.03549,0.03232,0.03360,0.03379,0.02702,0.02443,0.03182,0.03021,0.02970,0.03071,0.03424,0.03202,0.04010,0.04556,0.03901,0.03858
16.78,0.03936,0.04206,0.04118,0.03425,0.04308,0.03522,0.04125,0.03691,0.03915,0.04332,0.04478,0.04493,0.04484,0.03882,0.04219,0.03290,0.04138,0.04808,0.03854,0.04431,0.04492,0.03528,0.03965,0.04359,0.02569,0.02828,0.04297,0.04038,0.03893,0.03545,0.03511,0.02551,0.02194,0.04107,0.03805,0.03820,0.03826,0.03176,0.02887,0.03682,0.03479,0.03480,0.03543,0.03899,0.03740,0.04677,0.05157,0.04458,0.04531
19.81,0.04585,0.04861,0.04789,0.04360,0.04846,0.04068,0.04605,0.04226,0.04431,0.04842,0.04924,0.05026,0.05299,0.04749,0.05043,0.03883,0.04655,0.05207,0.04243,0.04808,0.05045,0.03936,0.04306,0.04663,0.03100,0.03256,0.04854,0.04610,0.04579,0.04195,0.04308,0.03018,0.02644,0.04619,0.04421,0.04283,0.04240,0.03728,0.03419,0.04236,0.03975,0.04050,0.04088,0.04469,0.04410,0.05459,0.05839,0.05113,0.05309
23.37,0.05224,0.05480,0.05415,0.05404,0.05261,0.04622,0.04968,0.04737,0.04886,0.05167,0.05511,0.05677,0.06033,0.05724,0.05894,0.04517,0.05082,0.05454,0.04542,0.05024,0.05385,0.04301,0.04577,0.04914,0.03646,0.03619,0.05255,0.05027,0.05099,0.04724,0.05028,0.03452,0.03083,0.04936,0.04995,0.04687,0.04524,0.04286,0.04044,0.04797,0.04480,0.04650,0.04672,0.04971,0.05257,0.06311,0.06596,0.05926,0.06217
27.58,0.05919,0.06143,0.06058,0.06562,0.05640,0.05265,0.05360,0.05300,0.05325,0.05365,0.06195,0.06414,0.06757,0.06712,0.06676,0.05265,0.05538,0.05677,0.04889,0.05213,0.05644,0.04683,0.04829,0.05150,0.04227,0.04016,0.05511,0.05275,0.05402,0.05117,0.05571,0.03881,0.03569,0.05096,0.05543,0.05088,0.04748,0.04934,0.04764,0.05407,0.05019,0.05295,0.05272,0.05452,0.06247,0.07139,0.07291,0.06865,0.07198
32.55,0.06513,0.06662,0.06575,0.07525,0.05925,0.05834,0.05704,0.05836,0.05737,0.05561,0.06649,0.06929,0.07271,0.07558,0.07260,0.05930,0.05908,0.05781,0.05230,0.05366,0.05857,0.05064,0.05039,0.05314,0.04879,0.04441,0.05695,0.05436,0.05630,0.05520,0.06102,0.04463,0.04284,0.05299,0.06074,0.05510,0.05042,0.05562,0.05452,0.05974,0.05522,0.05899,0.05742,0.05740,0.07058,0.07512,0.07507,0.07554,0.07868
38.41,0.06990,0.07050,0.06940,0.08199,0.06106,0.06364,0.06048,0.06363,0.06227,0.05885,0.06821,0.07171,0.07693,0.08245,0.07652,0.06508,0.06225,0.05810,0.05612,0.05535,0.06090,0.05532,0.05294,0.05477,0.05730,0.04949,0.05950,0.05696,0.05986,0.06132,0.06826,0.05341,0.05441,0.05701,0.06685,0.06045,0.05531,0.06178,0.06151,0.06515,0.06042,0.06503,0.06120,0.05992,0.07597,0.07475,0.07277,0.07922,0.08164
45.32,0.07262,0.07158,0.07047,0.08434,0.06161,0.06770,0.06196,0.06662,0.06454,0.05909,0.06783,0.07148,0.07610,0.08517,0.07643,0.06852,0.06345,0.05638,0.05877,0.05512,0.06039,0.05784,0.05426,0.05439,0.06519,0.05345,0.05958,0.05791,0.06134,0.06512,0.07080,0.06026,0.06427,0.05814,0.06904,0.06310,0.05758,0.06718,0.06830,0.06886,0.06448,0.06916,0.06421,0.06158,0.07840,0.07183,0.06802,0.07922,0.08020
53.48,0.07124,0.06816,0.06810,0.08090,0.06075,0.06831,0.06058,0.06669,0.06443,0.05784,0.06323,0.06679,0.07194,0.08256,0.07235,0.06776,0.06145,0.05190,0.05917,0.05274,0.05759,0.05850,0.05418,0.05214,0.07231,0.05631,0.05814,0.05766,0.06184,0.06675,0.07236,0.06783,0.07370,0.05824,0.06848,0.06370,0.05903,0.07021,0.07303,0.06985,0.06661,0.07070,0.06486,0.06172,0.07589,0.06508,0.05950,0.07378,0.07326
63.11,0.06751,0.06260,0.06334,0.07330,0.05840,0.06760,0.05940,0.06608,0.06463,0.05748,0.05567,0.05903,0.06275,0.07374,0.06407,0.06530,0.05892,0.04726,0.05982,0.05035,0.05429,0.06027,0.05498,0.05066,0.07830,0.05999,0.05653,0.05687,0.06146,0.06834,0.07070,0.07560,0.08674,0.05894,0.06725,0.06499,0.06205,0.07170,0.07527,0.06865,0.06740,0.07014,0.06403,0.05950,0.06947,0.05559,0.04871,0.06480,0.06320
74.48,0.05905,0.05360,0.05518,0.06264,0.05276,0.06269,0.05406,0.06102,0.05939,0.05263,0.04624,0.04922,0.05148,0.06204,0.05396,0.05976,0.05300,0.04048,0.05620,0.04514,0.04826,0.05783,0.05277,0.04563,0.07937,0.06106,0.05202,0.05330,0.05806,0.06304,0.06543,0.07811,0.08724,0.05530,0.06062,0.06018,0.05949,0.06860,0.07372,0.06290,0.06417,0.06529,0.06038,0.05490,0.06037,0.04617,0.03854,0.05303,0.05043
87.89,0.04906,0.04453,0.04607,0.05124,0.04563,0.05622,0.04890,0.05519,0.05406,0.04912,0.03546,0.03833,0.04052,0.04904,0.04320,0.05392,0.04704,0.03458,0.05226,0.04068,0.04330,0.05572,0.05053,0.04070,0.07874,0.06327,0.04833,0.05032,0.05535,0.05847,0.06040,0.07999,0.08733,0.05312,0.05397,0.05511,0.05767,0.06266,0.06843,0.05517,0.05914,0.05863,0.05509,0.04921,0.04899,0.03605,0.02853,0.04006,0.03728
103.72,0.03788,0.03432,0.03617,0.03940,0.03753,0.04678,0.04107,0.04671,0.04536,0.04201,0.02510,0.02793,0.02913,0.03493,0.03107,0.04654,0.03891,0.02774,0.04493,0.03436,0.03613,0.05121,0.04544,0.03442,0.06975,0.06170,0.04135,0.04318,0.04740,0.04783,0.05067,0.07284,0.07664,0.04633,0.04462,0.04670,0.05127,0.05369,0.05844,0.04507,0.05031,0.04871,0.04695,0.04119,0.03704,0.02642,0.01964,0.02775,0.02527
122.39,0.02905,0.02567,0.02843,0.03076,0.03166,0.03769,0.03339,0.03804,0.03649,0.03447,0.01674,0.01945,0.01975,0.02396,0.02113,0.03999,0.03125,0.02185,0.03713,0.02829,0.02932,0.04583,0.03939,0.02814,0.05836,0.05846,0.03431,0.03653,0.03969,0.03847,0.04081,0.06056,0.06204,0.03866,0.03537,0.03755,0.04275,0.04542,0.04799,0.03581,0.04129,0.03898,0.03921,0.03386,0.02672,0.01872,0.01313,0.01782,0.01605
144.43,0.02099,0.01815,0.02101,0.02242,0.02479,0.02859,0.02580,0.02943,0.02820,0.02722,0.00985,0.01235,0.01218,0.01473,0.01256,0.03303,0.02385,0.01652,0.02890,0.02225,0.02244,0.04030,0.03262,0.02230,0.04467,0.05249,0.02701,0.02880,0.03049,0.02954,0.03044,0.04704,0.04814,0.03092,0.02712,0.02915,0.03448,0.03590,0.03664,0.02701,0.03214,0.02971,0.03082,0.02624,0.01759,0.01195,0.00774,0.01011,0.00907
170.44,0.01418,0.01211,0.01444,0.01566,0.01724,0.02026,0.01807,0.02079,0.02027,0.02004,0.00507,0.00704,0.00686,0.00854,0.00674,0.02588,0.01686,0.01161,0.02008,0.01566,0.01566,0.03277,0.02496,0.01624,0.03169,0.04269,0.02045,0.02256,0.02303,0.02266,0.02189,0.03377,0.03435,0.02351,0.01952,0.02072,0.02523,0.02584,0.02656,0.01910,0.02360,0.02143,0.02334,0.01982,0.01058,0.00705,0.00413,0.00499,0.00444
201.13,0.00867,0.00730,0.00903,0.00991,0.01078,0.01272,0.01101,0.01299,0.01311,0.01323,0.00209,0.00336,0.00323,0.00426,0.00293,0.01795,0.01055,0.00722,0.01200,0.00953,0.00944,0.02367,0.01725,0.01060,0.01997,0.03005,0.01409,0.01612,0.01563,0.01611,0.01453,0.02225,0.02202,0.01633,0.01275,0.01328,0.01658,0.01669,0.01744,0.01240,0.01580,0.01419,0.01592,0.01351,0.00549,0.00346,0.00179,0.00199,0.00176
237.35,0.00547,0.00448,0.00573,0.00640,0.00694,0.00813,0.00723,0.00830,0.00821,0.00827,0.00070,0.00139,0.00135,0.00187,0.00104,0.01250,0.00673,0.00477,0.00757,0.00643,0.00625,0.01578,0.01145,0.00662,0.01198,0.02149,0.00928,0.01122,0.01004,0.01168,0.00898,0.01385,0.01434,0.01086,0.00802,0.00827,0.01040,0.01080,0.01108,0.00793,0.01026,0.00914,0.01060,0.00908,0.00256,0.00147,0.00067,0.00067,0.00059
280.09,0.00380,0.00295,0.00408,0.00456,0.00565,0.00548,0.00573,0.00581,0.00485,0.00489,0.00019,0.00049,0.00048,0.00074,0.00032,0.00894,0.00464,0.00370,0.00558,0.00575,0.00559,0.00960,0.00730,0.00381,0.00703,0.01705,0.00600,0.00781,0.00638,0.00860,0.00555,0.00868,0.00895,0.00706,0.00479,0.00486,0.00620,0.00764,0.00692,0.00519,0.00654,0.00580,0.00691,0.00597,0.00108,0.00053,0.00020,0.00019,0.00017
330.52,0.00263,0.00191,0.00286,0.00324,0.00458,0.00362,0.00451,0.00402,0.00271,0.00267,0.00004,0.00015,0.00015,0.00027,0.00008,0.00610,0.00309,0.00276,0.00398,0.00510,0.00494,0.00542,0.00438,0.00198,0.00402,0.01275,0.00364,0.00516,0.00378,0.00621,0.00318,0.00515,0.00548,0.00427,0.00269,0.00268,0.00345,0.00530,0.00423,0.00340,0.00408,0.00360,0.00445,0.00386,0.00041,0.00017,0.00004,0.00005,0.00004
390.04,0.00156,0.00109,0.00170,0.00202,0.00289,0.00202,0.00262,0.00225,0.00139,0.00132,0.00001,0.00004,0.00004,0.00009,0.00002,0.00345,0.00170,0.00155,0.00213,0.00314,0.00295,0.00276,0.00244,0.00095,0.00215,0.00709,0.00199,0.00299,0.00198,0.00398,0.00169,0.00285,0.00293,0.00230,0.00140,0.00136,0.00175,0.00310,0.00250,0.00211,0.00249,0.00221,0.00282,0.00248,0.00016,0.00005,0.00003,0.00001,0.00001
460.27,0.00082,0.00056,0.00088,0.00114,0.00133,0.00100,0.00105,0.00101,0.00072,0.00064,0.00000,0.00002,0.00001,0.00003,0.00001,0.00166,0.00078,0.00064,0.00084,0.00117,0.00103,0.00134,0.00136,0.00047,0.00117,0.00281,0.00103,0.00154,0.00094,0.00232,0.00085,0.00151,0.00150,0.00115,0.00073,0.00069,0.00086,0.00157,0.00155,0.00130,0.00159,0.00144,0.00189,0.00169,0.00007,0.00003,0.00000,0.00000,0.00000
