Date_Time,Turbidity (NTU),SSC (mg/L),C_conc,S_conc,FS_conc
4/17/2023 12:14,3.816,2.715,0.00,1.99,1.66
4/17/2023 12:29,5.742,4.673,0.01,3.05,2.52
4/17/2023 12:44,6.163,5.102,0.02,3.28,2.71
4/17/2023 12:59,6.132,5.070,0.02,3.27,2.70
4/17/2023 13:14,6.109,5.047,0.02,3.25,2.69
4/17/2023 13:29,4.285,3.192,0.00,2.25,1.87
4/17/2023 13:44,5.938,4.873,0.01,3.16,2.61
4/17/2023 13:59,4.285,3.191,0.00,2.25,1.87
4/17/2023 14:14,4.777,3.692,0.00,2.52,2.09
4/17/2023 14:29,4.828,3.744,0.00,2.55,2.12
4/17/2023 14:44,4.657,3.570,0.00,2.45,2.04
4/17/2023 14:59,4.690,3.604,0.00,2.47,2.05
4/17/2023 15:14,4.683,3.596,0.00,2.47,2.05
4/17/2023 15:29,4.444,3.353,0.00,2.34,1.94
4/17/2023 15:44,1.577,0.437,0.00,0.76,0.67
4/17/2023 19:44,12.692,11.741,0.15,6.88,5.62
4/17/2023 19:59,10.131,9.137,0.10,5.47,4.48
4/17/2023 20:14,14.446,13.525,0.19,7.84,6.40
4/17/2023 20:29,19.153,18.313,0.29,10.44,8.50
4/17/2023 20:44,24.142,23.386,0.39,13.18,10.73
4/17/2023 20:59,20.993,20.184,0.32,11.45,9.32
4/17/2023 21:14,20.346,19.525,0.31,11.09,9.03
4/17/2023 21:29,15.077,14.167,0.20,8.19,6.68
4/17/2023 21:44,16.667,15.784,0.23,9.07,7.39
4/17/2023 21:59,13.185,12.243,0.16,7.15,5.84
4/17/2023 22:14,13.601,12.666,0.17,7.38,6.03
4/17/2023 22:29,11.061,10.083,0.12,5.98,4.89
4/17/2023 22:48,12.298,11.341,0.14,6.66,5.45
4/17/2023 23:03,13.851,12.920,0.18,7.52,6.14
4/17/2023 23:18,12.034,11.072,0.14,6.52,5.33
4/17/2023 23:33,12.147,11.187,0.14,6.58,5.38
4/17/2023 23:44,12.497,11.543,0.15,6.77,5.53
4/17/2023 23:59,12.579,11.627,0.15,6.82,5.57
4/18/2023 0:14,12.035,11.074,0.14,6.52,5.33
4/18/2023 0:29,14.262,13.338,0.18,7.74,6.32
4/18/2023 0:44,11.758,10.791,0.13,6.36,5.20
4/18/2023 0:59,11.747,10.780,0.13,6.36,5.20
4/18/2023 1:14,14.557,13.638,0.19,7.91,6.45
4/18/2023 1:29,11.066,10.088,0.12,5.98,4.90
4/18/2023 1:44,11.600,10.631,0.13,6.28,5.13
4/18/2023 1:59,12.821,11.872,0.15,6.95,5.68
4/18/2023 2:14,17.003,16.126,0.24,9.25,7.54
4/18/2023 2:29,11.523,10.552,0.13,6.23,5.10
4/18/2023 2:44,11.593,10.624,0.13,6.27,5.13
4/18/2023 2:59,13.562,12.627,0.17,7.36,6.01
4/18/2023 3:14,10.914,9.933,0.12,5.90,4.83
4/18/2023 3:29,10.908,9.927,0.12,5.90,4.83
4/18/2023 3:44,11.173,10.196,0.12,6.04,4.94
4/18/2023 3:59,13.983,13.054,0.18,7.59,6.20
4/18/2023 4:14,11.956,10.993,0.14,6.47,5.29
4/18/2023 4:29,12.888,11.941,0.16,6.99,5.71
4/18/2023 4:44,11.816,10.851,0.13,6.40,5.23
4/18/2023 4:59,10.645,9.659,0.11,5.75,4.71
4/18/2023 5:14,14.040,13.112,0.18,7.62,6.22
4/18/2023 5:29,11.905,10.941,0.14,6.45,5.27
4/18/2023 5:44,11.373,10.400,0.12,6.15,5.03
4/18/2023 5:59,9.580,8.577,0.09,5.17,4.23
4/18/2023 6:14,10.069,9.074,0.10,5.43,4.45
4/18/2023 6:29,10.455,9.466,0.11,5.65,4.62
4/18/2023 6:44,11.461,10.490,0.13,6.20,5.07
4/18/2023 6:59,13.543,12.607,0.17,7.35,6.00
4/18/2023 7:14,12.912,11.966,0.16,7.00,5.72
4/18/2023 7:29,10.223,9.230,0.10,5.52,4.52
4/18/2023 7:44,14.231,13.306,0.18,7.73,6.31
4/18/2023 7:59,13.418,12.480,0.17,7.28,5.94
4/18/2023 8:14,13.829,12.898,0.18,7.50,6.13
4/18/2023 8:29,10.619,9.634,0.11,5.74,4.70
4/18/2023 8:44,12.581,11.629,0.15,6.82,5.57
4/18/2023 8:59,13.246,12.305,0.16,7.18,5.87
4/18/2023 9:14,13.255,12.314,0.16,7.19,5.87
4/18/2023 9:29,10.834,9.852,0.11,5.86,4.79
4/18/2023 9:44,11.534,10.564,0.13,6.24,5.11
4/18/2023 9:59,13.356,12.417,0.17,7.24,5.92
4/18/2023 10:14,12.411,11.455,0.15,6.72,5.50
4/18/2023 10:29,10.953,9.973,0.12,5.92,4.85
4/18/2023 10:44,10.287,9.296,0.10,5.55,4.55
4/18/2023 10:59,14.531,13.611,0.19,7.89,6.44
4/18/2023 11:14,9.860,8.861,0.09,5.32,4.36
4/18/2023 11:29,13.707,12.774,0.17,7.44,6.07
4/18/2023 11:44,9.754,8.754,0.09,5.26,4.31
4/18/2023 11:59,10.728,9.744,0.11,5.80,4.75
4/18/2023 12:14,12.480,11.526,0.15,6.76,5.53
4/18/2023 12:29,12.015,11.053,0.14,6.51,5.32
4/18/2023 12:44,11.540,10.570,0.13,6.24,5.11
4/18/2023 12:59,12.018,11.056,0.14,6.51,5.32
4/18/2023 13:14,14.065,13.138,0.18,7.63,6.23
4/18/2023 13:29,12.622,11.670,0.15,6.84,5.59
4/18/2023 13:44,12.946,12.000,0.16,7.02,5.73
4/18/2023 13:59,16.390,15.502,0.23,8.91,7.27
4/18/2023 14:14,14.618,13.701,0.19,7.94,6.48
4/18/2023 14:29,14.858,13.944,0.20,8.07,6.59
4/18/2023 14:44,22.244,21.456,0.35,12.14,9.88
4/18/2023 14:59,17.819,16.956,0.26,9.70,7.91
4/18/2023 15:14,18.038,17.179,0.26,9.82,8.00
4/18/2023 15:29,18.900,18.055,0.28,10.30,8.39
4/18/2023 15:44,19.360,18.522,0.29,10.55,8.59
4/18/2023 15:59,17.866,17.003,0.26,9.73,7.93
4/18/2023 16:14,18.821,17.975,0.28,10.25,8.35
4/18/2023 16:29,28.607,27.927,0.48,15.64,12.72
4/18/2023 16:44,30.831,30.189,0.53,16.87,13.71
4/18/2023 16:59,33.202,32.601,0.57,18.17,14.76
4/18/2023 17:14,20.927,20.116,0.32,11.41,9.29
4/18/2023 17:29,21.468,20.667,0.33,11.71,9.53
4/18/2023 17:44,20.332,19.511,0.31,11.09,9.03
4/18/2023 17:59,20.412,19.593,0.31,11.13,9.06
4/18/2023 18:14,15.416,14.511,0.21,8.38,6.84
4/18/2023 18:29,16.412,15.525,0.23,8.93,7.28
4/18/2023 18:44,18.978,18.134,0.28,10.34,8.42
4/18/2023 18:59,28.680,28.001,0.48,15.68,12.75
4/18/2023 19:14,26.009,25.285,0.43,14.21,11.56
4/18/2023 19:29,15.189,14.281,0.20,8.25,6.73
4/18/2023 19:44,14.587,13.669,0.19,7.92,6.47
4/18/2023 19:59,14.007,13.079,0.18,7.60,6.21
4/18/2023 20:14,17.695,16.830,0.26,9.63,7.85
4/18/2023 20:29,15.926,15.031,0.22,8.66,7.06
4/18/2023 20:44,16.976,16.099,0.24,9.24,7.53
4/18/2023 20:59,15.028,14.117,0.20,8.16,6.66
4/18/2023 21:14,17.427,16.557,0.25,9.49,7.73
4/18/2023 21:29,18.119,17.261,0.26,9.87,8.04
4/18/2023 21:44,12.143,11.183,0.14,6.58,5.38
4/18/2023 21:59,15.007,14.096,0.20,8.15,6.65
4/18/2023 22:14,15.836,14.939,0.22,8.61,7.02
4/18/2023 22:29,12.602,11.650,0.15,6.83,5.58
4/18/2023 22:44,12.627,11.675,0.15,6.84,5.59
4/18/2023 22:59,13.212,12.270,0.16,7.17,5.85
4/18/2023 23:14,12.305,11.348,0.14,6.67,5.45
4/18/2023 23:29,14.351,13.429,0.19,7.79,6.36
4/18/2023 23:44,12.989,12.043,0.16,7.04,5.75
4/18/2023 23:59,11.528,10.558,0.13,6.24,5.10
4/19/2023 0:14,12.072,11.111,0.14,6.54,5.34
4/19/2023 0:29,13.253,12.312,0.16,7.19,5.87
4/19/2023 0:44,14.692,13.775,0.19,7.98,6.51
4/19/2023 0:59,15.622,14.722,0.21,8.49,6.93
4/19/2023 1:14,14.531,13.612,0.19,7.89,6.44
4/19/2023 1:29,11.521,10.551,0.13,6.23,5.10
4/19/2023 1:44,12.644,11.693,0.15,6.85,5.60
4/19/2023 1:59,13.395,12.457,0.17,7.27,5.93
4/19/2023 2:14,12.179,11.220,0.14,6.60,5.39
4/19/2023 2:29,10.566,9.579,0.11,5.71,4.67
4/19/2023 2:44,12.964,12.019,0.16,7.03,5.74
4/19/2023 2:59,11.753,10.786,0.13,6.36,5.20
4/19/2023 3:14,11.778,10.812,0.13,6.38,5.21
4/19/2023 3:29,13.439,12.502,0.17,7.29,5.95
4/19/2023 3:44,13.584,12.648,0.17,7.37,6.02
4/19/2023 3:59,12.672,11.721,0.15,6.87,5.61
4/19/2023 4:14,13.609,12.674,0.17,7.38,6.03
4/19/2023 4:29,14.189,13.264,0.18,7.70,6.29
4/19/2023 4:44,11.602,10.634,0.13,6.28,5.14
4/19/2023 4:59,11.453,10.482,0.13,6.20,5.07
4/19/2023 5:14,12.573,11.620,0.15,6.81,5.57
4/19/2023 5:29,13.495,12.559,0.17,7.32,5.98
4/19/2023 5:44,11.579,10.610,0.13,6.27,5.13
4/19/2023 5:59,12.610,11.658,0.15,6.83,5.58
4/19/2023 6:14,12.749,11.800,0.15,6.91,5.65
4/19/2023 6:29,15.442,14.538,0.21,8.39,6.85
4/19/2023 6:44,12.397,11.441,0.15,6.72,5.49
4/19/2023 6:59,11.563,10.594,0.13,6.26,5.12
4/19/2023 7:14,10.417,9.428,0.11,5.63,4.61
4/19/2023 7:29,10.876,9.895,0.11,5.88,4.81
4/19/2023 7:44,12.945,11.998,0.16,7.02,5.73
4/19/2023 7:59,11.762,10.796,0.13,6.37,5.21
4/19/2023 8:14,12.914,11.967,0.16,7.00,5.72
4/19/2023 8:29,10.351,9.361,0.10,5.59,4.58
4/19/2023 8:44,12.865,11.917,0.16,6.97,5.70
4/19/2023 8:59,11.976,11.013,0.14,6.48,5.30
4/19/2023 9:14,12.077,11.117,0.14,6.54,5.35
4/19/2023 9:29,12.712,11.762,0.15,6.89,5.63
4/19/2023 9:44,10.662,9.678,0.11,5.76,4.72
4/19/2023 9:59,10.995,10.015,0.12,5.94,4.86
4/19/2023 10:14,10.671,9.686,0.11,5.77,4.72
4/19/2023 10:29,12.136,11.176,0.14,6.57,5.37
4/19/2023 10:44,11.543,10.573,0.13,6.25,5.11
4/19/2023 10:59,13.680,12.747,0.17,7.42,6.06
4/19/2023 11:14,11.864,10.900,0.14,6.42,5.25
4/19/2023 11:29,11.495,10.524,0.13,6.22,5.09
4/19/2023 11:44,12.274,11.316,0.14,6.65,5.43
4/19/2023 11:59,11.725,10.758,0.13,6.35,5.19
4/19/2023 12:14,9.118,8.107,0.08,4.91,4.03
4/19/2023 12:29,10.647,9.662,0.11,5.75,4.71
4/19/2023 12:44,13.247,12.306,0.16,7.18,5.87
4/19/2023 12:59,10.188,9.195,0.10,5.50,4.50
4/19/2023 13:14,11.301,10.327,0.12,6.11,5.00
4/19/2023 13:29,10.397,9.407,0.10,5.62,4.60
4/19/2023 13:44,12.249,11.291,0.14,6.64,5.42
4/19/2023 13:59,10.940,9.960,0.12,5.91,4.84
4/19/2023 14:14,13.515,12.579,0.17,7.33,5.99
4/19/2023 14:29,13.827,12.896,0.18,7.50,6.13
4/19/2023 14:44,14.649,13.732,0.19,7.96,6.49
4/19/2023 14:59,14.899,13.986,0.20,8.09,6.60
4/19/2023 15:14,14.445,13.524,0.19,7.84,6.40
4/19/2023 15:29,12.888,11.941,0.16,6.99,5.71
4/19/2023 15:44,15.870,14.974,0.22,8.63,7.04
4/19/2023 15:59,13.663,12.729,0.17,7.41,6.05
4/19/2023 16:14,19.696,18.864,0.30,10.74,8.74
4/19/2023 16:29,18.695,17.847,0.28,10.18,8.30
4/19/2023 16:44,15.661,14.761,0.21,8.51,6.94
4/19/2023 16:59,18.101,17.243,0.26,9.86,8.03
4/19/2023 17:14,13.370,12.431,0.17,7.25,5.92
4/19/2023 17:29,16.486,15.600,0.23,8.97,7.31
4/19/2023 17:44,14.913,14.001,0.20,8.10,6.61
4/19/2023 17:59,14.163,13.237,0.18,7.69,6.28
4/19/2023 18:14,14.983,14.072,0.20,8.14,6.64
4/19/2023 18:29,17.920,17.059,0.26,9.76,7.95
4/19/2023 18:44,20.446,19.628,0.31,11.15,9.08
4/19/2023 18:59,13.688,12.754,0.17,7.43,6.07
4/19/2023 19:14,14.368,13.446,0.19,7.80,6.37
4/19/2023 19:29,14.642,13.725,0.19,7.95,6.49
4/19/2023 19:44,12.103,11.143,0.14,6.55,5.36
4/19/2023 19:59,10.330,9.339,0.10,5.58,4.57
4/19/2023 20:14,11.661,10.693,0.13,6.31,5.16
4/19/2023 20:29,12.352,11.396,0.15,6.69,5.47
4/19/2023 20:44,12.889,11.942,0.16,6.99,5.71
4/19/2023 20:59,11.037,10.059,0.12,5.97,4.88
4/19/2023 21:14,12.146,11.186,0.14,6.58,5.38
4/19/2023 21:29,17.582,16.715,0.25,9.57,7.80
4/19/2023 21:44,11.349,10.376,0.12,6.14,5.02
4/19/2023 21:59,14.040,13.113,0.18,7.62,6.22
4/19/2023 22:14,12.679,11.728,0.15,6.87,5.62
4/19/2023 22:29,9.485,8.480,0.09,5.11,4.19
4/19/2023 22:44,10.398,9.408,0.10,5.62,4.60
4/19/2023 22:59,12.085,11.124,0.14,6.54,5.35
4/19/2023 23:14,11.700,10.732,0.13,6.33,5.18
4/19/2023 23:29,11.083,10.105,0.12,5.99,4.90
4/19/2023 23:44,11.407,10.435,0.13,6.17,5.05
4/19/2023 23:59,12.368,11.412,0.15,6.70,5.48
4/20/2023 0:14,10.559,9.573,0.11,5.70,4.67
4/20/2023 0:29,10.531,9.544,0.11,5.69,4.66
4/20/2023 0:44,13.714,12.781,0.17,7.44,6.08
4/20/2023 0:59,10.595,9.609,0.11,5.72,4.69
4/20/2023 1:14,9.605,8.602,0.09,5.18,4.25
4/20/2023 1:29,11.206,10.230,0.12,6.06,4.96
4/20/2023 1:44,10.379,9.390,0.10,5.61,4.59
4/20/2023 1:59,10.354,9.363,0.10,5.59,4.58
4/20/2023 2:14,12.671,11.720,0.15,6.87,5.61
4/20/2023 2:29,9.833,8.834,0.09,5.30,4.35
4/20/2023 2:44,11.629,10.661,0.13,6.29,5.15
4/20/2023 2:59,10.519,9.532,0.11,5.68,4.65
4/20/2023 3:14,9.664,8.662,0.09,5.21,4.27
4/20/2023 3:29,10.889,9.907,0.12,5.89,4.82
4/20/2023 3:44,9.667,8.665,0.09,5.21,4.27
4/20/2023 3:59,10.987,10.007,0.12,5.94,4.86
4/20/2023 4:14,12.364,11.408,0.15,6.70,5.47
4/20/2023 4:29,11.336,10.362,0.12,6.13,5.02
4/20/2023 4:44,8.974,7.961,0.08,4.83,3.96
4/20/2023 4:59,8.972,7.958,0.08,4.83,3.96
4/20/2023 5:14,11.534,10.564,0.13,6.24,5.11
4/20/2023 5:29,14.074,13.147,0.18,7.64,6.24
4/20/2023 5:44,10.085,9.090,0.10,5.44,4.46
4/20/2023 5:59,9.222,8.213,0.08,4.97,4.07
4/20/2023 6:14,11.158,10.182,0.12,6.03,4.94
4/20/2023 6:29,11.481,10.510,0.13,6.21,5.08
4/20/2023 6:44,12.162,11.203,0.14,6.59,5.39
4/20/2023 6:59,11.839,10.874,0.13,6.41,5.24
4/20/2023 7:14,10.823,9.841,0.11,5.85,4.79
4/20/2023 7:29,10.717,9.733,0.11,5.79,4.74
4/20/2023 7:44,10.447,9.459,0.11,5.64,4.62
4/20/2023 7:59,9.493,8.488,0.09,5.12,4.19
4/20/2023 8:14,12.725,11.775,0.15,6.90,5.64
4/20/2023 8:29,11.409,10.437,0.13,6.17,5.05
4/20/2023 8:44,9.807,8.807,0.09,5.29,4.34
4/20/2023 8:59,11.038,10.059,0.12,5.97,4.88
4/20/2023 9:14,17.298,16.426,0.25,9.42,7.67
4/20/2023 9:29,9.881,8.882,0.09,5.33,4.37
4/20/2023 9:44,9.941,8.943,0.10,5.36,4.39
4/20/2023 9:59,12.391,11.435,0.15,6.71,5.49
4/20/2023 10:14,11.358,10.384,0.12,6.14,5.03
4/20/2023 10:29,9.386,8.379,0.08,5.06,4.15
4/20/2023 10:44,10.719,9.735,0.11,5.79,4.74
4/20/2023 10:59,12.350,11.394,0.15,6.69,5.47
4/20/2023 11:14,9.546,8.542,0.09,5.15,4.22
4/20/2023 11:29,9.697,8.695,0.09,5.23,4.29
4/20/2023 11:44,9.995,8.998,0.10,5.39,4.42
4/20/2023 11:59,12.003,11.041,0.14,6.50,5.31
4/20/2023 12:14,11.064,10.086,0.12,5.98,4.90
4/20/2023 12:29,10.860,9.879,0.11,5.87,4.80
4/20/2023 12:44,9.856,8.857,0.09,5.32,4.36
4/20/2023 12:59,10.502,9.515,0.11,5.67,4.65
4/20/2023 13:14,9.311,8.303,0.08,5.02,4.11
4/20/2023 13:29,12.278,11.320,0.14,6.65,5.44
4/20/2023 13:44,10.223,9.231,0.10,5.52,4.52
4/20/2023 13:59,9.713,8.712,0.09,5.24,4.29
4/20/2023 14:14,10.457,9.468,0.11,5.65,4.62
4/20/2023 14:29,9.819,8.820,0.09,5.30,4.34
4/20/2023 14:44,13.544,12.608,0.17,7.35,6.00
4/20/2023 14:59,12.775,11.826,0.15,6.92,5.66
4/20/2023 15:14,11.842,10.878,0.13,6.41,5.24
4/20/2023 15:29,11.001,10.022,0.12,5.95,4.87
4/20/2023 15:44,11.526,10.555,0.13,6.24,5.10
4/20/2023 15:59,9.594,8.591,0.09,5.17,4.24
4/20/2023 16:14,12.253,11.295,0.14,6.64,5.43
4/20/2023 16:29,10.253,9.261,0.10,5.54,4.53
4/20/2023 16:44,10.258,9.266,0.10,5.54,4.54
4/20/2023 16:59,10.125,9.131,0.10,5.47,4.48
4/20/2023 17:14,9.836,8.837,0.09,5.31,4.35
4/20/2023 17:29,9.057,8.044,0.08,4.88,4.00
4/20/2023 17:44,9.615,8.612,0.09,5.18,4.25
4/20/2023 17:59,13.886,12.956,0.18,7.54,6.15
4/20/2023 18:14,10.605,9.619,0.11,5.73,4.69
4/20/2023 18:29,12.510,11.556,0.15,6.78,5.54
4/20/2023 18:44,10.563,9.576,0.11,5.71,4.67
4/20/2023 18:59,9.809,8.810,0.09,5.29,4.34
4/20/2023 19:14,8.553,7.532,0.07,4.60,3.78
4/20/2023 19:29,9.766,8.765,0.09,5.27,4.32
4/20/2023 19:44,8.032,7.002,0.06,4.31,3.54
4/20/2023 19:59,9.489,8.484,0.09,5.12,4.19
4/20/2023 20:14,11.495,10.524,0.13,6.22,5.09
4/20/2023 20:29,13.571,12.636,0.17,7.36,6.01
4/20/2023 20:44,11.609,10.640,0.13,6.28,5.14
4/20/2023 20:59,8.327,7.302,0.06,4.48,3.68
4/20/2023 21:14,9.244,8.235,0.08,4.98,4.08
4/20/2023 21:29,13.033,12.088,0.16,7.07,5.77
4/20/2023 21:44,11.090,10.113,0.12,6.00,4.91
4/20/2023 21:59,9.469,8.464,0.09,5.10,4.18
4/20/2023 22:14,8.138,7.110,0.06,4.37,3.59
4/20/2023 22:29,11.152,10.176,0.12,6.03,4.93
4/20/2023 22:44,9.633,8.631,0.09,5.19,4.26
4/20/2023 22:59,9.527,8.523,0.09,5.14,4.21
4/20/2023 23:14,9.926,8.928,0.10,5.36,4.39
4/20/2023 23:29,14.171,13.245,0.18,7.69,6.28
4/20/2023 23:44,9.450,8.444,0.09,5.09,4.18
4/20/2023 23:59,9.933,8.936,0.10,5.36,4.39
4/21/2023 0:14,8.505,7.483,0.07,4.57,3.75
4/21/2023 0:29,8.421,7.398,0.06,4.53,3.72
4/21/2023 0:44,8.264,7.238,0.06,4.44,3.65
4/21/2023 0:59,11.854,10.889,0.13,6.42,5.25
4/21/2023 1:14,8.334,7.309,0.06,4.48,3.68
4/21/2023 1:29,8.182,7.155,0.06,4.40,3.61
4/21/2023 1:44,8.888,7.873,0.07,4.78,3.93
4/21/2023 1:59,8.378,7.354,0.06,4.50,3.70
4/21/2023 2:14,7.794,6.760,0.05,4.18,3.44
4/21/2023 2:29,9.684,8.682,0.09,5.22,4.28
4/21/2023 2:44,10.155,9.161,0.10,5.48,4.49
4/21/2023 2:59,10.763,9.780,0.11,5.82,4.76
4/21/2023 3:14,11.617,10.648,0.13,6.29,5.14
4/21/2023 3:29,14.134,13.208,0.18,7.67,6.26
4/21/2023 3:44,8.810,7.794,0.07,4.74,3.89
4/21/2023 3:59,8.211,7.184,0.06,4.41,3.62
4/21/2023 4:14,7.658,6.622,0.05,4.11,3.38
4/21/2023 4:29,7.927,6.896,0.05,4.26,3.50
4/21/2023 4:44,8.430,7.407,0.06,4.53,3.72
4/21/2023 4:59,8.091,7.063,0.06,4.35,3.57
4/21/2023 5:14,12.033,11.071,0.14,6.52,5.33
4/21/2023 5:29,8.373,7.349,0.06,4.50,3.70
4/21/2023 5:44,9.226,8.217,0.08,4.97,4.08
4/21/2023 5:59,7.462,6.423,0.04,4.00,3.29
4/21/2023 6:14,7.172,6.128,0.04,3.84,3.16
4/21/2023 6:29,9.739,8.739,0.09,5.25,4.31
4/21/2023 6:44,10.533,9.546,0.11,5.69,4.66
4/21/2023 6:59,9.517,8.513,0.09,5.13,4.21
4/21/2023 7:14,8.382,7.358,0.06,4.51,3.70
4/21/2023 7:29,9.728,8.727,0.09,5.25,4.30
4/21/2023 7:44,14.151,13.225,0.18,7.68,6.27
4/21/2023 7:59,9.392,8.386,0.08,5.06,4.15
4/21/2023 8:14,9.419,8.413,0.08,5.08,4.16
4/21/2023 8:29,11.969,11.006,0.14,6.48,5.30
4/21/2023 8:44,8.061,7.032,0.06,4.33,3.56
4/21/2023 8:59,8.436,7.413,0.06,4.54,3.72
4/21/2023 9:14,8.828,7.812,0.07,4.75,3.90
4/21/2023 9:29,7.886,6.854,0.05,4.23,3.48
4/21/2023 9:44,8.526,7.505,0.07,4.59,3.76
4/21/2023 9:59,8.485,7.463,0.07,4.56,3.75
4/21/2023 10:14,8.371,7.347,0.06,4.50,3.70
4/21/2023 10:29,10.219,9.226,0.10,5.52,4.52
4/21/2023 10:44,8.959,7.945,0.08,4.82,3.96
4/21/2023 10:59,8.734,7.717,0.07,4.70,3.86
4/21/2023 11:14,8.743,7.725,0.07,4.70,3.86
4/21/2023 11:29,9.458,8.452,0.09,5.10,4.18
4/21/2023 11:44,7.410,6.369,0.04,3.97,3.27
4/21/2023 11:59,9.910,8.912,0.09,5.35,4.38
4/21/2023 12:14,8.652,7.633,0.07,4.65,3.82
4/21/2023 12:29,9.402,8.395,0.08,5.07,4.15
4/21/2023 12:44,7.902,6.870,0.05,4.24,3.49
4/21/2023 12:59,9.445,8.439,0.09,5.09,4.17
4/21/2023 13:14,7.990,6.960,0.06,4.29,3.53
4/21/2023 13:29,9.345,8.338,0.08,5.04,4.13
4/21/2023 13:44,7.489,6.450,0.04,4.01,3.30
4/21/2023 13:59,10.578,9.592,0.11,5.71,4.68
4/21/2023 14:14,9.119,8.107,0.08,4.91,4.03
4/21/2023 14:29,9.073,8.062,0.08,4.89,4.01
4/21/2023 14:44,12.321,11.365,0.14,6.67,5.46
4/21/2023 14:59,12.164,11.205,0.14,6.59,5.39
4/21/2023 15:14,13.898,12.968,0.18,7.54,6.16
4/21/2023 15:29,9.065,8.053,0.08,4.88,4.00
4/21/2023 15:44,11.772,10.806,0.13,6.37,5.21
4/21/2023 15:59,12.079,11.118,0.14,6.54,5.35
4/21/2023 16:14,9.850,8.851,0.09,5.31,4.35
4/21/2023 16:29,11.252,10.277,0.12,6.09,4.98
4/21/2023 16:44,8.453,7.431,0.06,4.54,3.73
4/21/2023 16:59,9.204,8.194,0.08,4.96,4.07
4/21/2023 17:14,12.401,11.446,0.15,6.72,5.49
4/21/2023 17:29,11.151,10.174,0.12,6.03,4.93
4/21/2023 17:44,8.462,7.440,0.07,4.55,3.74
4/21/2023 17:59,8.914,7.899,0.07,4.80,3.94
4/21/2023 18:14,7.443,6.404,0.04,3.99,3.28
4/21/2023 18:29,9.026,8.014,0.08,4.86,3.99
4/21/2023 18:44,11.122,10.145,0.12,6.01,4.92
4/21/2023 18:59,12.404,11.449,0.15,6.72,5.49
4/21/2023 19:14,13.482,12.545,0.17,7.31,5.97
4/21/2023 19:29,11.910,10.947,0.14,6.45,5.27
4/21/2023 19:44,9.337,8.330,0.08,5.03,4.13
4/21/2023 19:59,8.232,7.206,0.06,4.42,3.63
4/21/2023 20:14,9.033,8.020,0.08,4.86,3.99
4/21/2023 20:29,10.462,9.474,0.11,5.65,4.63
4/21/2023 20:44,8.483,7.461,0.07,4.56,3.74
4/21/2023 20:59,11.424,10.452,0.13,6.18,5.06
4/21/2023 21:14,8.375,7.352,0.06,4.50,3.70
4/21/2023 21:29,7.017,5.970,0.04,3.75,3.09
4/21/2023 21:44,8.207,7.181,0.06,4.41,3.62
4/21/2023 21:59,8.460,7.438,0.06,4.55,3.73
4/21/2023 22:14,8.629,7.610,0.07,4.64,3.81
4/21/2023 22:29,8.144,7.116,0.06,4.37,3.59
4/21/2023 22:44,7.238,6.195,0.04,3.88,3.19
4/21/2023 22:59,9.137,8.126,0.08,4.92,4.04
4/21/2023 23:14,7.811,6.778,0.05,4.19,3.45
4/21/2023 23:29,9.375,8.368,0.08,5.05,4.14
4/21/2023 23:44,8.452,7.430,0.06,4.54,3.73
4/21/2023 23:59,7.074,6.028,0.04,3.79,3.12
4/22/2023 0:14,8.761,7.744,0.07,4.71,3.87
4/22/2023 0:29,10.561,9.574,0.11,5.71,4.67
4/22/2023 0:44,7.259,6.216,0.04,3.89,3.20
4/22/2023 0:59,7.531,6.493,0.05,4.04,3.32
4/22/2023 1:14,6.652,5.599,0.03,3.55,2.93
4/22/2023 1:29,9.838,8.839,0.09,5.31,4.35
4/22/2023 1:44,6.397,5.340,0.02,3.41,2.81
4/22/2023 1:59,7.680,6.644,0.05,4.12,3.39
4/22/2023 2:14,9.083,8.071,0.08,4.89,4.01
4/22/2023 2:29,8.194,7.167,0.06,4.40,3.62
4/22/2023 2:44,6.416,5.359,0.02,3.42,2.82
4/22/2023 2:59,8.559,7.538,0.07,4.60,3.78
4/22/2023 3:14,7.401,6.361,0.04,3.97,3.26
4/22/2023 3:29,9.366,8.359,0.08,5.05,4.14
4/22/2023 3:44,8.327,7.303,0.06,4.48,3.68
4/22/2023 3:59,9.303,8.295,0.08,5.01,4.11
4/22/2023 4:14,10.576,9.590,0.11,5.71,4.68
4/22/2023 4:29,8.434,7.411,0.06,4.53,3.72
4/22/2023 4:44,8.361,7.337,0.06,4.49,3.69
4/22/2023 4:59,8.088,7.060,0.06,4.34,3.57
4/22/2023 5:14,7.361,6.320,0.04,3.94,3.24
4/22/2023 5:29,7.912,6.880,0.05,4.25,3.49
4/22/2023 5:44,7.460,6.421,0.04,4.00,3.29
4/22/2023 5:59,8.005,6.974,0.06,4.30,3.53
4/22/2023 6:14,8.212,7.185,0.06,4.41,3.62
4/22/2023 6:29,6.351,5.293,0.02,3.39,2.79
4/22/2023 6:44,6.736,5.684,0.03,3.60,2.97
4/22/2023 6:59,7.590,6.553,0.05,4.07,3.35
4/22/2023 7:14,9.835,8.836,0.09,5.31,4.35
4/22/2023 7:29,10.035,9.039,0.10,5.42,4.44
4/22/2023 7:44,7.055,6.008,0.04,3.77,3.11
4/22/2023 7:59,9.428,8.422,0.08,5.08,4.17
4/22/2023 8:14,6.358,5.300,0.02,3.39,2.80
4/22/2023 8:29,6.758,5.707,0.03,3.61,2.98
4/22/2023 8:44,7.952,6.921,0.05,4.27,3.51
4/22/2023 8:59,13.143,12.200,0.16,7.13,5.82
4/22/2023 9:14,11.774,10.808,0.13,6.37,5.21
4/22/2023 9:29,8.004,6.974,0.06,4.30,3.53
4/22/2023 9:44,7.891,6.859,0.05,4.24,3.48
4/22/2023 9:59,7.911,6.879,0.05,4.25,3.49
4/22/2023 10:14,8.282,7.256,0.06,4.45,3.66
4/22/2023 10:29,6.503,5.448,0.02,3.47,2.86
4/22/2023 10:44,8.142,7.114,0.06,4.37,3.59
4/22/2023 10:59,6.566,5.511,0.03,3.51,2.89
4/22/2023 11:14,8.954,7.940,0.08,4.82,3.95
4/22/2023 11:29,8.812,7.796,0.07,4.74,3.89
4/22/2023 11:44,8.073,7.044,0.06,4.34,3.56
4/22/2023 11:59,7.870,6.838,0.05,4.22,3.47
4/22/2023 12:14,8.574,7.553,0.07,4.61,3.79
4/22/2023 12:29,9.346,8.339,0.08,5.04,4.13
4/22/2023 12:44,7.009,5.962,0.04,3.75,3.09
4/22/2023 12:59,10.102,9.107,0.10,5.45,4.47
4/22/2023 13:14,9.151,8.141,0.08,4.93,4.04
4/22/2023 13:29,7.985,6.955,0.06,4.29,3.52
4/22/2023 13:44,8.849,7.833,0.07,4.76,3.91
4/22/2023 13:59,8.334,7.309,0.06,4.48,3.68
4/22/2023 14:14,10.174,9.180,0.10,5.49,4.50
4/22/2023 14:29,8.617,7.597,0.07,4.63,3.80
4/22/2023 14:44,9.128,8.117,0.08,4.92,4.03
4/22/2023 14:59,8.305,7.280,0.06,4.46,3.67
4/22/2023 15:14,9.585,8.582,0.09,5.17,4.24
4/22/2023 15:29,9.826,8.827,0.09,5.30,4.34
4/22/2023 15:44,11.127,10.149,0.12,6.02,4.92
4/22/2023 15:59,9.279,8.271,0.08,5.00,4.10
4/22/2023 16:14,11.434,10.462,0.13,6.19,5.06
4/22/2023 16:29,10.337,9.347,0.10,5.58,4.57
4/22/2023 16:44,8.559,7.539,0.07,4.60,3.78
4/22/2023 16:59,10.204,9.211,0.10,5.51,4.51
4/22/2023 17:14,9.580,8.577,0.09,5.17,4.23
4/22/2023 17:29,9.921,8.923,0.10,5.35,4.39
4/22/2023 17:44,11.454,10.483,0.13,6.20,5.07
4/22/2023 17:59,9.485,8.480,0.09,5.11,4.19
4/22/2023 18:14,8.184,7.156,0.06,4.40,3.61
4/22/2023 18:29,8.297,7.272,0.06,4.46,3.66
4/22/2023 18:44,8.466,7.443,0.07,4.55,3.74
4/22/2023 18:59,12.859,11.911,0.16,6.97,5.70
4/22/2023 19:14,13.257,12.316,0.16,7.19,5.87
4/22/2023 19:29,8.708,7.690,0.07,4.69,3.85
4/22/2023 19:44,8.798,7.782,0.07,4.73,3.89
4/22/2023 19:59,8.800,7.784,0.07,4.74,3.89
4/22/2023 20:14,7.556,6.518,0.05,4.05,3.33
4/22/2023 20:29,9.914,8.916,0.09,5.35,4.38
4/22/2023 20:44,10.261,9.269,0.10,5.54,4.54
4/22/2023 20:59,9.082,8.070,0.08,4.89,4.01
4/22/2023 21:14,8.845,7.830,0.07,4.76,3.91
4/22/2023 21:29,10.177,9.183,0.10,5.49,4.50
4/22/2023 21:44,7.603,6.566,0.05,4.08,3.35
4/22/2023 21:59,6.615,5.561,0.03,3.53,2.91
4/22/2023 22:14,8.502,7.481,0.07,4.57,3.75
4/22/2023 22:29,6.818,5.768,0.03,3.64,3.00
4/22/2023 22:44,8.095,7.067,0.06,4.35,3.57
4/22/2023 22:59,9.429,8.424,0.08,5.08,4.17
4/22/2023 23:14,6.133,5.071,0.02,3.27,2.70
4/22/2023 23:29,7.104,6.058,0.04,3.80,3.13
4/22/2023 23:44,8.134,7.106,0.06,4.37,3.59
4/22/2023 23:59,10.971,9.992,0.12,5.93,4.85
4/23/2023 0:14,8.967,7.954,0.08,4.83,3.96
4/23/2023 0:29,8.519,7.497,0.07,4.58,3.76
4/23/2023 0:44,6.770,5.719,0.03,3.62,2.98
4/23/2023 0:59,9.262,8.253,0.08,4.99,4.09
4/23/2023 1:14,9.612,8.609,0.09,5.18,4.25
4/23/2023 1:29,6.315,5.256,0.02,3.37,2.78
4/23/2023 1:44,7.549,6.511,0.05,4.05,3.33
4/23/2023 1:59,7.329,6.287,0.04,3.93,3.23
4/23/2023 2:14,8.170,7.142,0.06,4.39,3.61
4/23/2023 2:29,8.187,7.160,0.06,4.40,3.61
4/23/2023 2:44,7.960,6.929,0.05,4.27,3.51
4/23/2023 2:59,10.190,9.197,0.10,5.50,4.51
4/23/2023 3:14,7.435,6.396,0.04,3.98,3.28
4/23/2023 3:29,6.423,5.366,0.02,3.43,2.83
4/23/2023 3:44,7.637,6.600,0.05,4.10,3.37
4/23/2023 3:59,8.345,7.321,0.06,4.49,3.68
4/23/2023 4:14,7.239,6.196,0.04,3.88,3.19
4/23/2023 4:29,9.649,8.647,0.09,5.20,4.26
4/23/2023 4:44,9.835,8.836,0.09,5.31,4.35
4/23/2023 4:59,6.791,5.740,0.03,3.63,2.99
4/23/2023 5:14,8.269,7.243,0.06,4.44,3.65
4/23/2023 5:29,8.515,7.493,0.07,4.58,3.76
4/23/2023 5:44,8.166,7.139,0.06,4.39,3.60
4/23/2023 5:59,8.162,7.135,0.06,4.38,3.60
4/23/2023 6:14,7.925,6.894,0.05,4.25,3.50
4/23/2023 6:29,8.230,7.204,0.06,4.42,3.63
4/23/2023 6:44,12.299,11.342,0.14,6.66,5.45
4/23/2023 6:59,7.274,6.232,0.04,3.90,3.21
4/23/2023 7:14,6.942,5.894,0.03,3.71,3.06
4/23/2023 7:29,7.271,6.229,0.04,3.89,3.20
4/23/2023 7:44,10.607,9.621,0.11,5.73,4.69
4/23/2023 7:59,8.053,7.024,0.06,4.32,3.55
4/23/2023 8:14,6.458,5.402,0.02,3.45,2.84
4/23/2023 8:29,6.457,5.401,0.02,3.45,2.84
4/23/2023 8:44,7.596,6.559,0.05,4.07,3.35
4/23/2023 8:59,6.222,5.162,0.02,3.32,2.74
4/23/2023 9:14,7.550,6.512,0.05,4.05,3.33
4/23/2023 9:29,7.894,6.862,0.05,4.24,3.48
4/23/2023 9:44,8.122,7.094,0.06,4.36,3.58
4/23/2023 9:59,7.075,6.029,0.04,3.79,3.12
4/23/2023 10:14,10.643,9.658,0.11,5.75,4.71
4/23/2023 10:29,7.795,6.761,0.05,4.18,3.44
4/23/2023 10:44,6.444,5.388,0.02,3.44,2.84
4/23/2023 10:59,8.136,7.109,0.06,4.37,3.59
4/23/2023 11:14,8.277,7.251,0.06,4.45,3.65
4/23/2023 11:29,6.876,5.827,0.03,3.68,3.03
4/23/2023 11:44,8.185,7.158,0.06,4.40,3.61
4/23/2023 11:59,7.308,6.266,0.04,3.91,3.22
4/23/2023 12:14,8.691,7.673,0.07,4.68,3.84
4/23/2023 12:29,8.681,7.662,0.07,4.67,3.83
4/23/2023 12:44,9.183,8.173,0.08,4.95,4.06
4/23/2023 12:59,10.852,9.870,0.11,5.87,4.80
4/23/2023 13:14,9.432,8.426,0.09,5.08,4.17
4/23/2023 13:29,10.464,9.475,0.11,5.65,4.63
4/23/2023 13:44,9.443,8.438,0.09,5.09,4.17
4/23/2023 13:59,9.362,8.355,0.08,5.05,4.14
4/23/2023 14:14,12.383,11.427,0.15,6.71,5.48
4/23/2023 14:29,7.105,6.059,0.04,3.80,3.13
4/23/2023 14:44,9.738,8.737,0.09,5.25,4.30
4/23/2023 14:59,10.244,9.252,0.10,5.53,4.53
4/23/2023 15:14,8.335,7.311,0.06,4.48,3.68
4/23/2023 15:29,13.230,12.289,0.16,7.18,5.86
4/23/2023 15:44,11.896,10.932,0.14,6.44,5.27
4/23/2023 15:59,10.991,10.011,0.12,5.94,4.86
4/23/2023 16:14,13.656,12.722,0.17,7.41,6.05
4/23/2023 16:29,9.075,8.063,0.08,4.89,4.01
4/23/2023 16:44,13.212,12.270,0.16,7.16,5.85
4/23/2023 16:59,13.147,12.204,0.16,7.13,5.82
4/23/2023 17:14,11.895,10.931,0.14,6.44,5.27
4/23/2023 17:29,9.821,8.822,0.09,5.30,4.34
4/23/2023 17:44,9.684,8.683,0.09,5.22,4.28
4/23/2023 17:59,11.507,10.537,0.13,6.23,5.09
4/23/2023 18:14,8.097,7.069,0.06,4.35,3.57
4/23/2023 18:29,10.510,9.522,0.11,5.68,4.65
4/23/2023 18:44,11.455,10.483,0.13,6.20,5.07
4/23/2023 18:59,10.047,9.051,0.10,5.42,4.44
4/23/2023 19:14,10.349,9.359,0.10,5.59,4.58
4/23/2023 19:29,9.164,8.154,0.08,4.94,4.05
4/23/2023 19:44,8.695,7.677,0.07,4.68,3.84
4/23/2023 19:59,8.651,7.632,0.07,4.65,3.82
4/23/2023 20:14,8.103,7.074,0.06,4.35,3.58
4/23/2023 20:29,6.781,5.730,0.03,3.62,2.99
4/23/2023 20:44,6.671,5.618,0.03,3.56,2.94
4/23/2023 20:59,8.255,7.229,0.06,4.44,3.64
4/23/2023 21:14,7.505,6.466,0.05,4.02,3.31
4/23/2023 21:29,7.506,6.467,0.05,4.02,3.31
4/23/2023 21:44,10.003,9.007,0.10,5.40,4.42
4/23/2023 21:59,8.492,7.471,0.07,4.57,3.75
4/23/2023 22:14,7.640,6.604,0.05,4.10,3.37
4/23/2023 22:29,6.940,5.892,0.03,3.71,3.06
4/23/2023 22:44,8.149,7.121,0.06,4.38,3.60
4/23/2023 22:59,8.755,7.737,0.07,4.71,3.87
4/23/2023 23:14,7.035,5.988,0.04,3.76,3.10
4/23/2023 23:29,8.906,7.891,0.07,4.79,3.93
4/23/2023 23:44,9.031,8.018,0.08,4.86,3.99
4/23/2023 23:59,7.617,6.580,0.05,4.08,3.36
4/24/2023 0:14,7.117,6.072,0.04,3.81,3.14
4/24/2023 0:29,6.735,5.683,0.03,3.60,2.97
4/24/2023 0:44,7.344,6.303,0.04,3.93,3.24
4/24/2023 0:59,10.533,9.546,0.11,5.69,4.66
4/24/2023 1:14,7.187,6.143,0.04,3.85,3.17
4/24/2023 1:29,8.210,7.183,0.06,4.41,3.62
4/24/2023 1:44,9.391,8.384,0.08,5.06,4.15
4/24/2023 1:59,7.926,6.895,0.05,4.25,3.50
4/24/2023 2:14,6.811,5.761,0.03,3.64,3.00
4/24/2023 2:29,8.280,7.255,0.06,4.45,3.65
4/24/2023 2:44,11.167,10.190,0.12,6.04,4.94
4/24/2023 2:59,7.657,6.621,0.05,4.11,3.38
4/24/2023 3:14,9.161,8.151,0.08,4.93,4.05
4/24/2023 3:29,6.635,5.582,0.03,3.54,2.92
4/24/2023 3:44,9.535,8.531,0.09,5.14,4.21
4/24/2023 3:59,7.107,6.062,0.04,3.80,3.13
4/24/2023 4:18,7.800,6.766,0.05,4.19,3.44
4/24/2023 4:33,7.226,6.183,0.04,3.87,3.18
4/24/2023 4:48,9.464,8.458,0.09,5.10,4.18
4/24/2023 5:03,7.148,6.104,0.04,3.83,3.15
4/24/2023 5:18,8.724,7.706,0.07,4.69,3.85
4/24/2023 5:33,6.643,5.590,0.03,3.55,2.92
4/24/2023 5:48,7.820,6.786,0.05,4.20,3.45
4/24/2023 6:03,7.859,6.827,0.05,4.22,3.47
4/24/2023 6:18,6.319,5.261,0.02,3.37,2.78
4/24/2023 6:33,7.108,6.062,0.04,3.80,3.13
4/24/2023 6:48,8.058,7.029,0.06,4.33,3.56
4/24/2023 7:03,6.200,5.139,0.02,3.30,2.73
4/24/2023 7:18,6.865,5.816,0.03,3.67,3.02
4/24/2023 7:33,8.030,7.000,0.06,4.31,3.54
4/24/2023 7:48,7.448,6.408,0.04,3.99,3.28
4/24/2023 8:03,7.759,6.724,0.05,4.16,3.42
4/24/2023 8:18,7.888,6.856,0.05,4.23,3.48
4/24/2023 8:33,6.179,5.118,0.02,3.29,2.72
4/24/2023 8:48,6.452,5.396,0.02,3.44,2.84
4/24/2023 9:03,8.776,7.759,0.07,4.72,3.88
4/24/2023 9:18,8.602,7.582,0.07,4.63,3.80
4/24/2023 9:33,6.991,5.944,0.03,3.74,3.08
4/24/2023 9:48,6.908,5.859,0.03,3.69,3.04
4/24/2023 10:03,7.284,6.241,0.04,3.90,3.21
4/24/2023 10:18,7.731,6.696,0.05,4.15,3.41
4/24/2023 10:29,6.952,5.904,0.03,3.72,3.06
4/24/2023 10:44,12.861,11.913,0.16,6.97,5.70
4/24/2023 10:59,8.851,7.836,0.07,4.76,3.91
4/24/2023 11:14,8.265,7.240,0.06,4.44,3.65
4/24/2023 11:29,10.322,9.331,0.10,5.57,4.56
4/24/2023 11:44,7.044,5.998,0.04,3.77,3.10
4/24/2023 11:59,6.420,5.363,0.02,3.43,2.83
4/24/2023 12:14,6.451,5.395,0.02,3.44,2.84
4/24/2023 12:29,8.439,7.417,0.06,4.54,3.73
4/24/2023 12:44,9.251,8.242,0.08,4.98,4.09
4/24/2023 12:59,12.047,11.085,0.14,6.52,5.33
4/24/2023 13:14,8.681,7.662,0.07,4.67,3.83
4/24/2023 13:29,12.448,11.494,0.15,6.74,5.51
4/24/2023 13:44,11.777,10.811,0.13,6.37,5.21
4/24/2023 13:59,9.741,8.740,0.09,5.25,4.31
4/24/2023 14:14,8.432,7.409,0.06,4.53,3.72
4/24/2023 14:29,10.894,9.913,0.12,5.89,4.82
4/24/2023 14:44,14.711,13.795,0.19,7.99,6.52
4/24/2023 14:59,21.420,20.618,0.33,11.68,9.51
4/24/2023 15:14,14.814,13.899,0.20,8.05,6.57
4/24/2023 15:29,12.849,11.901,0.16,6.97,5.69
4/24/2023 15:44,11.472,10.501,0.13,6.21,5.08
4/24/2023 15:59,14.454,13.533,0.19,7.85,6.41
4/24/2023 16:14,20.252,19.430,0.31,11.04,8.99
4/24/2023 16:29,12.599,11.647,0.15,6.83,5.58
4/24/2023 16:44,10.817,9.835,0.11,5.85,4.79
4/24/2023 16:59,12.948,12.002,0.16,7.02,5.74
4/24/2023 17:14,14.308,13.385,0.19,7.77,6.34
4/24/2023 17:29,10.723,9.739,0.11,5.79,4.74
4/24/2023 17:44,12.201,11.242,0.14,6.61,5.40
4/24/2023 17:59,14.910,13.997,0.20,8.10,6.61
4/24/2023 18:14,16.077,15.184,0.22,8.74,7.13
4/24/2023 18:29,13.023,12.078,0.16,7.06,5.77
4/24/2023 18:44,14.954,14.042,0.20,8.12,6.63
4/24/2023 18:59,14.539,13.620,0.19,7.90,6.44
4/24/2023 19:14,10.056,9.061,0.10,5.43,4.45
4/24/2023 19:29,11.061,10.083,0.12,5.98,4.89
4/24/2023 19:44,12.987,12.041,0.16,7.04,5.75
4/24/2023 19:59,10.496,9.508,0.11,5.67,4.64
4/24/2023 20:14,14.374,13.452,0.19,7.80,6.37
4/24/2023 20:29,11.453,10.482,0.13,6.20,5.07
4/24/2023 20:44,10.590,9.604,0.11,5.72,4.68
4/24/2023 20:59,9.128,8.117,0.08,4.92,4.03
4/24/2023 21:14,8.899,7.884,0.07,4.79,3.93
4/24/2023 21:29,12.387,11.431,0.15,6.71,5.49
4/24/2023 21:44,8.090,7.061,0.06,4.35,3.57
4/24/2023 21:59,9.296,8.288,0.08,5.01,4.11
4/24/2023 22:14,8.837,7.821,0.07,4.76,3.90
4/24/2023 22:29,11.144,10.168,0.12,6.03,4.93
4/24/2023 22:44,11.428,10.456,0.13,6.18,5.06
4/24/2023 22:59,9.547,8.543,0.09,5.15,4.22
4/24/2023 23:14,9.730,8.729,0.09,5.25,4.30
4/24/2023 23:29,8.366,7.342,0.06,4.50,3.69
4/24/2023 23:44,7.867,6.835,0.05,4.22,3.47
4/24/2023 23:59,9.277,8.269,0.08,5.00,4.10
4/25/2023 0:14,8.427,7.404,0.06,4.53,3.72
4/25/2023 0:29,8.452,7.429,0.06,4.54,3.73
4/25/2023 0:44,8.365,7.341,0.06,4.50,3.69
4/25/2023 0:59,8.529,7.508,0.07,4.59,3.77
4/25/2023 1:14,12.898,11.951,0.16,6.99,5.71
4/25/2023 1:29,12.018,11.056,0.14,6.51,5.32
4/25/2023 1:44,9.578,8.574,0.09,5.16,4.23
4/25/2023 1:59,8.378,7.354,0.06,4.50,3.70
4/25/2023 2:14,11.714,10.747,0.13,6.34,5.19
4/25/2023 2:29,8.347,7.323,0.06,4.49,3.68
4/25/2023 2:44,9.372,8.365,0.08,5.05,4.14
4/25/2023 2:59,7.210,6.166,0.04,3.86,3.18
4/25/2023 3:14,9.137,8.126,0.08,4.92,4.04
4/25/2023 3:29,7.269,6.226,0.04,3.89,3.20
4/25/2023 3:44,7.958,6.927,0.05,4.27,3.51
4/25/2023 3:59,10.606,9.621,0.11,5.73,4.69
4/25/2023 4:14,7.047,6.000,0.04,3.77,3.10
4/25/2023 4:29,8.151,7.123,0.06,4.38,3.60
4/25/2023 4:44,8.669,7.650,0.07,4.66,3.83
4/25/2023 4:59,8.264,7.239,0.06,4.44,3.65
4/25/2023 5:14,7.395,6.355,0.04,3.96,3.26
4/25/2023 5:29,7.736,6.701,0.05,4.15,3.41
4/25/2023 5:44,11.806,10.841,0.13,6.39,5.23
4/25/2023 5:59,7.374,6.333,0.04,3.95,3.25
4/25/2023 6:14,10.231,9.239,0.10,5.52,4.52
4/25/2023 6:29,8.095,7.066,0.06,4.35,3.57
4/25/2023 6:44,7.270,6.228,0.04,3.89,3.20
4/25/2023 6:59,8.620,7.600,0.07,4.64,3.81
4/25/2023 7:14,10.308,9.317,0.10,5.57,4.56
4/25/2023 7:29,8.334,7.309,0.06,4.48,3.68
4/25/2023 7:44,10.781,9.798,0.11,5.83,4.77
4/25/2023 7:59,9.023,8.010,0.08,4.86,3.99
4/25/2023 8:14,7.910,6.878,0.05,4.25,3.49
4/25/2023 8:29,9.022,8.009,0.08,4.86,3.99
4/25/2023 8:44,8.621,7.601,0.07,4.64,3.81
4/25/2023 8:59,9.710,8.709,0.09,5.24,4.29
4/25/2023 9:14,9.822,8.823,0.09,5.30,4.34
4/25/2023 9:29,10.371,9.381,0.10,5.60,4.59
4/25/2023 9:44,9.766,8.766,0.09,5.27,4.32
4/25/2023 9:59,8.816,7.799,0.07,4.74,3.89
4/25/2023 10:14,6.876,5.827,0.03,3.68,3.03
4/25/2023 10:29,7.203,6.159,0.04,3.86,3.17
4/25/2023 10:44,9.074,8.063,0.08,4.89,4.01
4/25/2023 10:59,6.306,5.247,0.02,3.36,2.77
4/25/2023 11:14,8.429,7.406,0.06,4.53,3.72
4/25/2023 11:29,7.433,6.393,0.04,3.98,3.28
4/25/2023 11:44,7.403,6.362,0.04,3.97,3.26
4/25/2023 11:59,9.596,8.593,0.09,5.17,4.24
4/25/2023 12:14,8.513,7.491,0.07,4.58,3.76
4/25/2023 12:29,7.254,6.211,0.04,3.88,3.20
4/25/2023 12:44,6.678,5.626,0.03,3.57,2.94
4/25/2023 12:59,8.533,7.512,0.07,4.59,3.77
4/25/2023 13:14,10.489,9.501,0.11,5.67,4.64
4/25/2023 13:29,12.212,11.253,0.14,6.61,5.41
4/25/2023 13:44,7.632,6.595,0.05,4.09,3.37
4/25/2023 13:59,10.023,9.028,0.10,5.41,4.43
4/25/2023 14:14,7.588,6.550,0.05,4.07,3.35
4/25/2023 14:29,7.068,6.022,0.04,3.78,3.11
4/25/2023 14:44,10.245,9.253,0.10,5.53,4.53
4/25/2023 14:59,9.767,8.767,0.09,5.27,4.32
4/25/2023 15:14,8.576,7.555,0.07,4.61,3.79
4/25/2023 15:29,8.241,7.215,0.06,4.43,3.64
4/25/2023 15:44,9.706,8.705,0.09,5.23,4.29
4/25/2023 15:59,8.257,7.231,0.06,4.44,3.64
4/25/2023 16:14,8.342,7.318,0.06,4.48,3.68
4/25/2023 16:29,6.809,5.759,0.03,3.64,3.00
4/25/2023 16:44,8.810,7.793,0.07,4.74,3.89
4/25/2023 16:59,7.934,6.903,0.05,4.26,3.50
4/25/2023 17:14,7.919,6.888,0.05,4.25,3.49
4/25/2023 17:29,8.939,7.925,0.07,4.81,3.95
4/25/2023 17:44,7.020,5.973,0.04,3.76,3.09
4/25/2023 17:59,10.269,9.278,0.10,5.54,4.54
4/25/2023 18:14,7.315,6.273,0.04,3.92,3.22
4/25/2023 18:29,12.677,11.726,0.15,6.87,5.61
4/25/2023 18:44,9.255,8.246,0.08,4.99,4.09
4/25/2023 18:59,8.258,7.233,0.06,4.44,3.64
4/25/2023 19:14,7.445,6.405,0.04,3.99,3.28
4/25/2023 19:29,8.171,7.144,0.06,4.39,3.61
4/25/2023 19:44,8.494,7.472,0.07,4.57,3.75
4/25/2023 19:59,9.723,8.722,0.09,5.24,4.30
4/25/2023 20:14,12.651,11.700,0.15,6.86,5.60
4/25/2023 20:29,7.993,6.963,0.06,4.29,3.53
4/25/2023 20:44,6.506,5.450,0.02,3.47,2.86
4/25/2023 20:59,7.245,6.202,0.04,3.88,3.19
4/25/2023 21:14,7.414,6.374,0.04,3.97,3.27
4/25/2023 21:29,6.854,5.804,0.03,3.66,3.02
4/25/2023 21:44,7.751,6.716,0.05,4.16,3.42
4/25/2023 21:59,6.064,5.001,0.02,3.23,2.67
4/25/2023 22:14,7.565,6.527,0.05,4.06,3.34
4/25/2023 22:29,7.433,6.393,0.04,3.98,3.28
4/25/2023 22:44,6.951,5.903,0.03,3.72,3.06
4/25/2023 22:59,7.616,6.579,0.05,4.08,3.36
4/25/2023 23:14,7.567,6.530,0.05,4.06,3.34
4/25/2023 23:29,7.368,6.327,0.04,3.95,3.25
4/25/2023 23:44,7.253,6.210,0.04,3.88,3.20
4/25/2023 23:59,7.412,6.372,0.04,3.97,3.27
4/26/2023 0:14,9.108,8.097,0.08,4.91,4.02
4/26/2023 0:29,6.804,5.754,0.03,3.64,3.00
4/26/2023 0:44,7.675,6.639,0.05,4.12,3.38
4/26/2023 0:59,6.110,5.047,0.02,3.25,2.69
4/26/2023 1:14,6.115,5.053,0.02,3.26,2.69
4/26/2023 1:29,6.510,5.454,0.02,3.47,2.87
4/26/2023 1:44,6.425,5.368,0.02,3.43,2.83
4/26/2023 1:59,6.148,5.086,0.02,3.28,2.70
4/26/2023 2:14,5.464,4.390,0.00,2.90,2.40
4/26/2023 2:29,5.188,4.110,0.00,2.75,2.28
4/26/2023 2:44,6.293,5.234,0.02,3.36,2.77
4/26/2023 2:59,5.417,4.343,0.00,2.87,2.38
4/26/2023 3:14,5.327,4.252,0.00,2.82,2.34
4/26/2023 3:29,6.030,4.966,0.01,3.21,2.65
4/26/2023 3:44,5.229,4.152,0.00,2.77,2.29
4/26/2023 3:59,5.070,3.990,0.00,2.68,2.22
4/26/2023 4:14,6.361,5.303,0.02,3.39,2.80
4/26/2023 4:29,5.619,4.548,0.01,2.98,2.47
4/26/2023 4:44,7.693,6.657,0.05,4.13,3.39
4/26/2023 4:59,5.341,4.266,0.00,2.83,2.34
4/26/2023 5:14,5.774,4.706,0.01,3.07,2.54
4/26/2023 5:29,6.598,5.544,0.03,3.52,2.90
4/26/2023 5:44,5.750,4.681,0.01,3.06,2.53
4/26/2023 5:59,5.107,4.027,0.00,2.70,2.24
4/26/2023 6:14,5.492,4.419,0.00,2.91,2.41
4/26/2023 6:29,5.169,4.090,0.00,2.74,2.27
4/26/2023 6:44,5.671,4.601,0.01,3.01,2.49
4/26/2023 6:59,9.367,8.360,0.08,5.05,4.14
4/26/2023 7:14,9.271,8.262,0.08,5.00,4.10
4/26/2023 7:29,5.638,4.568,0.01,3.00,2.48
4/26/2023 7:44,5.577,4.506,0.01,2.96,2.45
4/26/2023 7:59,9.503,8.499,0.09,5.12,4.20
4/26/2023 8:14,9.621,8.619,0.09,5.19,4.25
4/26/2023 8:29,7.599,6.562,0.05,4.07,3.35
4/26/2023 8:44,5.781,4.713,0.01,3.07,2.54
4/26/2023 8:59,7.695,6.660,0.05,4.13,3.39
4/26/2023 9:14,7.526,6.488,0.05,4.03,3.32
4/26/2023 9:29,6.951,5.903,0.03,3.72,3.06
4/26/2023 9:44,6.956,5.908,0.03,3.72,3.06
4/26/2023 9:59,9.372,8.365,0.08,5.05,4.14
4/26/2023 10:14,7.799,6.766,0.05,4.18,3.44
4/26/2023 10:29,8.087,7.058,0.06,4.34,3.57
4/26/2023 10:44,5.630,4.559,0.01,2.99,2.47
4/26/2023 10:59,7.298,6.256,0.04,3.91,3.22
4/26/2023 11:14,6.392,5.334,0.02,3.41,2.81
4/26/2023 11:29,7.415,6.375,0.04,3.97,3.27
4/26/2023 11:44,6.790,5.739,0.03,3.63,2.99
4/26/2023 11:59,9.334,8.327,0.08,5.03,4.12
4/26/2023 12:14,6.709,5.657,0.03,3.58,2.95
4/26/2023 12:29,10.392,9.403,0.10,5.61,4.60
4/26/2023 12:44,9.465,8.459,0.09,5.10,4.18
4/26/2023 12:59,8.918,7.904,0.07,4.80,3.94
4/26/2023 13:18,6.142,5.080,0.02,3.27,2.70
4/26/2023 13:33,7.163,6.118,0.04,3.83,3.16
4/26/2023 13:48,6.808,5.758,0.03,3.64,3.00
4/26/2023 14:03,7.575,6.537,0.05,4.06,3.34
4/26/2023 14:14,12.872,11.925,0.16,6.98,5.70
4/26/2023 14:29,15.298,14.391,0.21,8.31,6.78
4/26/2023 14:44,15.688,14.788,0.21,8.53,6.96
4/26/2023 14:59,14.460,13.539,0.19,7.85,6.41
4/26/2023 15:14,9.730,8.729,0.09,5.25,4.30
4/26/2023 15:29,7.301,6.259,0.04,3.91,3.22
4/26/2023 15:44,7.984,6.954,0.06,4.29,3.52
4/26/2023 15:59,7.090,6.044,0.04,3.79,3.12
4/26/2023 16:14,8.330,7.306,0.06,4.48,3.68
4/26/2023 16:29,6.198,5.137,0.02,3.30,2.73
4/26/2023 16:44,6.901,5.852,0.03,3.69,3.04
4/26/2023 16:59,7.234,6.191,0.04,3.87,3.19
4/26/2023 17:14,6.808,5.758,0.03,3.64,3.00
4/26/2023 17:29,6.723,5.671,0.03,3.59,2.96
4/26/2023 17:44,7.977,6.946,0.06,4.28,3.52
4/26/2023 17:59,7.471,6.431,0.04,4.00,3.29
4/26/2023 18:14,8.754,7.737,0.07,4.71,3.87
4/26/2023 18:29,7.499,6.460,0.05,4.02,3.31
4/26/2023 18:44,7.570,6.532,0.05,4.06,3.34
4/26/2023 18:59,6.407,5.350,0.02,3.42,2.82
4/26/2023 19:14,9.744,8.743,0.09,5.26,4.31
4/26/2023 19:29,7.046,5.999,0.04,3.77,3.10
4/26/2023 19:44,6.775,5.724,0.03,3.62,2.98
4/26/2023 19:59,5.684,4.615,0.01,3.02,2.50
4/26/2023 20:14,6.423,5.366,0.02,3.43,2.83
4/26/2023 20:29,5.898,4.832,0.01,3.14,2.59
4/26/2023 20:44,6.987,5.940,0.03,3.74,3.08
4/26/2023 20:59,6.978,5.930,0.03,3.73,3.07
4/26/2023 21:14,6.244,5.184,0.02,3.33,2.75
4/26/2023 21:29,6.773,5.722,0.03,3.62,2.98
4/26/2023 21:44,6.608,5.555,0.03,3.53,2.91
4/26/2023 21:59,6.014,4.950,0.01,3.20,2.64
4/26/2023 22:14,7.068,6.022,0.04,3.78,3.11
4/26/2023 22:29,5.549,4.478,0.01,2.95,2.44
4/26/2023 22:44,5.626,4.556,0.01,2.99,2.47
4/26/2023 22:59,6.498,5.442,0.02,3.47,2.86
4/26/2023 23:14,5.834,4.767,0.01,3.10,2.56
4/26/2023 23:29,5.499,4.426,0.00,2.92,2.41
4/26/2023 23:44,6.156,5.094,0.02,3.28,2.71
4/26/2023 23:59,5.485,4.412,0.00,2.91,2.41
4/27/2023 0:14,6.223,5.163,0.02,3.32,2.74
4/27/2023 0:29,7.355,6.313,0.04,3.94,3.24
4/27/2023 0:44,7.121,6.076,0.04,3.81,3.14
4/27/2023 0:59,5.708,4.639,0.01,3.03,2.51
4/27/2023 1:14,6.174,5.113,0.02,3.29,2.72
4/27/2023 1:29,6.488,5.432,0.02,3.46,2.86
4/27/2023 1:44,6.182,5.120,0.02,3.29,2.72
4/27/2023 1:59,7.221,6.178,0.04,3.87,3.18
4/27/2023 2:14,5.613,4.543,0.01,2.98,2.47
4/27/2023 2:29,5.591,4.520,0.01,2.97,2.46
4/27/2023 2:44,5.601,4.530,0.01,2.97,2.46
4/27/2023 2:59,8.776,7.759,0.07,4.72,3.88
4/27/2023 3:14,5.390,4.316,0.00,2.86,2.37
4/27/2023 3:29,8.955,7.941,0.08,4.82,3.96
4/27/2023 3:44,4.700,3.614,0.00,2.48,2.06
4/27/2023 3:59,8.030,7.001,0.06,4.31,3.54
4/27/2023 4:14,9.523,8.518,0.09,5.13,4.21
4/27/2023 4:29,5.269,4.193,0.00,2.79,2.31
4/27/2023 4:44,4.802,3.718,0.00,2.53,2.10
4/27/2023 4:59,5.840,4.773,0.01,3.11,2.57
4/27/2023 5:14,5.162,4.084,0.00,2.73,2.26
4/27/2023 5:29,6.017,4.953,0.01,3.20,2.65
4/27/2023 5:44,5.594,4.523,0.01,2.97,2.46
4/27/2023 5:59,6.579,5.525,0.03,3.51,2.90
4/27/2023 6:14,5.922,4.856,0.01,3.15,2.60
4/27/2023 6:29,5.261,4.184,0.00,2.79,2.31
4/27/2023 6:44,4.886,3.803,0.00,2.58,2.14
4/27/2023 6:59,5.807,4.739,0.01,3.09,2.55
4/27/2023 7:14,5.724,4.655,0.01,3.04,2.51
4/27/2023 7:29,5.258,4.181,0.00,2.79,2.31
4/27/2023 7:44,11.309,10.335,0.12,6.12,5.00
4/27/2023 7:59,5.148,4.069,0.00,2.72,2.26
4/27/2023 8:14,7.581,6.543,0.05,4.06,3.34
4/27/2023 8:29,8.000,6.970,0.06,4.30,3.53
4/27/2023 8:44,8.447,7.424,0.06,4.54,3.73
4/27/2023 8:59,5.806,4.738,0.01,3.09,2.55
4/27/2023 9:14,6.297,5.238,0.02,3.36,2.77
4/27/2023 9:29,6.681,5.628,0.03,3.57,2.94
4/27/2023 9:44,6.104,5.041,0.02,3.25,2.68
4/27/2023 9:59,6.984,5.937,0.03,3.74,3.08
4/27/2023 10:14,4.946,3.864,0.00,2.61,2.17
4/27/2023 10:29,9.178,8.167,0.08,4.94,4.05
4/27/2023 10:44,6.283,5.224,0.02,3.35,2.76
4/27/2023 10:59,8.143,7.115,0.06,4.37,3.59
4/27/2023 11:14,7.838,6.805,0.05,4.21,3.46
4/27/2023 11:29,5.399,4.325,0.00,2.86,2.37
4/27/2023 11:44,6.055,4.992,0.02,3.22,2.66
4/27/2023 11:59,5.651,4.581,0.01,3.00,2.48
4/27/2023 12:14,5.298,4.222,0.00,2.81,2.33
4/27/2023 12:29,5.011,3.930,0.00,2.65,2.20
4/27/2023 12:44,7.825,6.792,0.05,4.20,3.45
4/27/2023 12:59,5.800,4.733,0.01,3.08,2.55
4/27/2023 13:14,6.250,5.190,0.02,3.33,2.75
4/27/2023 13:29,7.407,6.367,0.04,3.97,3.27
4/27/2023 13:44,6.727,5.676,0.03,3.59,2.96
4/27/2023 13:59,6.651,5.598,0.03,3.55,2.93
4/27/2023 14:14,7.981,6.951,0.06,4.29,3.52
4/27/2023 14:29,9.277,8.269,0.08,5.00,4.10
4/27/2023 14:44,6.928,5.879,0.03,3.70,3.05
4/27/2023 14:59,8.421,7.398,0.06,4.53,3.72
4/27/2023 15:14,13.737,12.804,0.17,7.45,6.09
4/27/2023 15:29,9.811,8.811,0.09,5.29,4.34
4/27/2023 15:44,10.778,9.795,0.11,5.83,4.77
4/27/2023 15:59,8.483,7.461,0.07,4.56,3.74
4/27/2023 16:14,11.264,10.289,0.12,6.09,4.98
4/27/2023 16:29,9.426,8.420,0.08,5.08,4.17
4/27/2023 16:44,7.845,6.812,0.05,4.21,3.46
4/27/2023 16:59,10.153,9.159,0.10,5.48,4.49
4/27/2023 17:14,12.305,11.348,0.14,6.67,5.45
4/27/2023 17:29,8.254,7.228,0.06,4.44,3.64
4/27/2023 17:44,11.470,10.499,0.13,6.21,5.08
4/27/2023 17:59,8.623,7.604,0.07,4.64,3.81
4/27/2023 18:14,8.060,7.030,0.06,4.33,3.56
4/27/2023 18:29,9.375,8.369,0.08,5.05,4.14
4/27/2023 18:44,10.431,9.442,0.11,5.63,4.61
4/27/2023 18:59,7.579,6.542,0.05,4.06,3.34
4/27/2023 19:14,7.795,6.762,0.05,4.18,3.44
4/27/2023 19:29,9.039,8.027,0.08,4.87,3.99
4/27/2023 19:44,7.291,6.249,0.04,3.91,3.21
4/27/2023 19:59,8.680,7.662,0.07,4.67,3.83
4/27/2023 20:14,6.803,5.753,0.03,3.64,3.00
4/27/2023 20:29,11.154,10.178,0.12,6.03,4.94
4/27/2023 20:44,9.793,8.793,0.09,5.28,4.33
4/27/2023 20:59,10.362,9.372,0.10,5.60,4.58
4/27/2023 21:14,7.974,6.943,0.05,4.28,3.52
4/27/2023 21:29,6.363,5.305,0.02,3.39,2.80
4/27/2023 21:44,7.597,6.560,0.05,4.07,3.35
4/27/2023 21:59,6.317,5.258,0.02,3.37,2.78
4/27/2023 22:14,6.035,4.971,0.02,3.21,2.65
4/27/2023 22:29,5.680,4.610,0.01,3.02,2.50
4/27/2023 22:44,5.520,4.448,0.00,2.93,2.42
4/27/2023 22:59,9.353,8.346,0.08,5.04,4.13
4/27/2023 23:14,8.248,7.222,0.06,4.43,3.64
4/27/2023 23:29,8.232,7.206,0.06,4.42,3.63
4/27/2023 23:44,7.577,6.540,0.05,4.06,3.34
4/27/2023 23:59,9.068,8.056,0.08,4.88,4.01
4/28/2023 0:14,7.651,6.615,0.05,4.10,3.37
4/28/2023 0:29,7.577,6.540,0.05,4.06,3.34
4/28/2023 0:44,7.647,6.611,0.05,4.10,3.37
4/28/2023 0:59,8.491,7.469,0.07,4.57,3.75
4/28/2023 1:14,7.071,6.025,0.04,3.78,3.12
4/28/2023 1:29,6.878,5.829,0.03,3.68,3.03
4/28/2023 1:44,5.998,4.934,0.01,3.19,2.64
4/28/2023 1:59,6.115,5.053,0.02,3.26,2.69
4/28/2023 2:14,10.276,9.284,0.10,5.55,4.54
4/28/2023 2:29,8.879,7.863,0.07,4.78,3.92
4/28/2023 2:44,6.367,5.309,0.02,3.40,2.80
4/28/2023 2:59,6.622,5.568,0.03,3.54,2.92
4/28/2023 3:14,7.197,6.153,0.04,3.85,3.17
4/28/2023 3:29,5.840,4.773,0.01,3.11,2.57
4/28/2023 3:44,7.497,6.458,0.05,4.02,3.31
4/28/2023 3:59,7.148,6.103,0.04,3.83,3.15
4/28/2023 4:14,7.267,6.224,0.04,3.89,3.20
4/28/2023 4:29,6.794,5.743,0.03,3.63,2.99
4/28/2023 4:44,7.324,6.282,0.04,3.92,3.23
4/28/2023 4:59,6.610,5.556,0.03,3.53,2.91
4/28/2023 5:14,6.738,5.687,0.03,3.60,2.97
4/28/2023 5:29,8.376,7.352,0.06,4.50,3.70
4/28/2023 5:44,8.336,7.312,0.06,4.48,3.68
4/28/2023 5:59,11.755,10.789,0.13,6.36,5.20
4/28/2023 6:14,7.682,6.646,0.05,4.12,3.39
4/28/2023 6:29,12.251,11.293,0.14,6.64,5.42
4/28/2023 6:44,5.974,4.909,0.01,3.18,2.63
4/28/2023 6:59,6.834,5.784,0.03,3.65,3.01
4/28/2023 7:14,5.434,4.360,0.00,2.88,2.39
4/28/2023 7:29,7.588,6.551,0.05,4.07,3.35
4/28/2023 7:44,9.369,8.363,0.08,5.05,4.14
4/28/2023 7:59,7.494,6.455,0.05,4.02,3.30
4/28/2023 8:14,5.692,4.623,0.01,3.02,2.50
4/28/2023 8:29,6.431,5.374,0.02,3.43,2.83
4/28/2023 8:44,7.307,6.265,0.04,3.91,3.22
4/28/2023 8:59,8.174,7.147,0.06,4.39,3.61
4/28/2023 9:14,6.855,5.805,0.03,3.66,3.02
4/28/2023 9:29,8.112,7.084,0.06,4.36,3.58
4/28/2023 9:44,5.979,4.914,0.01,3.18,2.63
4/28/2023 9:59,6.470,5.414,0.02,3.45,2.85
4/28/2023 10:14,6.667,5.614,0.03,3.56,2.94
4/28/2023 10:29,5.790,4.722,0.01,3.08,2.54
4/28/2023 10:44,5.417,4.343,0.00,2.87,2.38
4/28/2023 10:59,5.357,4.282,0.00,2.84,2.35
4/28/2023 11:14,6.068,5.005,0.02,3.23,2.67
4/28/2023 11:29,6.090,5.028,0.02,3.24,2.68
4/28/2023 11:44,8.452,7.430,0.06,4.54,3.73
4/28/2023 11:59,6.809,5.758,0.03,3.64,3.00
4/28/2023 12:14,6.070,5.007,0.02,3.23,2.67
4/28/2023 12:29,8.540,7.519,0.07,4.59,3.77
4/28/2023 12:44,6.695,5.642,0.03,3.58,2.95
4/28/2023 12:59,7.871,6.838,0.05,4.22,3.47
4/28/2023 13:14,8.021,6.992,0.06,4.31,3.54
4/28/2023 13:29,8.836,7.820,0.07,4.76,3.90
4/28/2023 13:44,8.568,7.547,0.07,4.61,3.78
4/28/2023 13:59,5.606,4.535,0.01,2.98,2.46
4/28/2023 14:14,7.065,6.019,0.04,3.78,3.11
4/28/2023 14:29,8.023,6.993,0.06,4.31,3.54
4/28/2023 14:44,11.595,10.625,0.13,6.27,5.13
4/28/2023 14:59,10.604,9.618,0.11,5.73,4.69
4/28/2023 15:14,7.357,6.316,0.04,3.94,3.24
4/28/2023 15:29,8.166,7.138,0.06,4.39,3.60
4/28/2023 15:44,6.927,5.879,0.03,3.70,3.05
4/28/2023 15:59,10.131,9.137,0.10,5.47,4.48
4/28/2023 16:14,5.742,4.674,0.01,3.05,2.52
4/28/2023 16:29,9.266,8.257,0.08,4.99,4.09
4/28/2023 16:44,6.554,5.499,0.03,3.50,2.89
4/28/2023 16:59,7.241,6.198,0.04,3.88,3.19
4/28/2023 17:14,7.416,6.376,0.04,3.97,3.27
4/28/2023 17:29,10.522,9.534,0.11,5.68,4.65
4/28/2023 17:44,12.338,11.382,0.14,6.68,5.46
4/28/2023 17:59,8.735,7.718,0.07,4.70,3.86
4/28/2023 18:14,7.138,6.093,0.04,3.82,3.15
4/28/2023 18:29,5.887,4.821,0.01,3.13,2.59
4/28/2023 18:44,6.167,5.106,0.02,3.29,2.71
4/28/2023 18:59,5.512,4.440,0.00,2.93,2.42
4/28/2023 19:14,7.677,6.641,0.05,4.12,3.39
4/28/2023 19:29,5.006,3.925,0.00,2.65,2.19
4/28/2023 19:44,7.795,6.762,0.05,4.18,3.44
4/28/2023 19:59,11.246,10.271,0.12,6.08,4.98
4/28/2023 20:14,6.486,5.430,0.02,3.46,2.85
4/28/2023 20:29,7.356,6.315,0.04,3.94,3.24
4/28/2023 20:44,5.419,4.345,0.00,2.87,2.38
4/28/2023 20:59,5.616,4.545,0.01,2.98,2.47
4/28/2023 21:14,5.731,4.662,0.01,3.05,2.52
4/28/2023 21:29,7.737,6.702,0.05,4.15,3.41
4/28/2023 21:44,6.945,5.897,0.03,3.71,3.06
4/28/2023 21:59,6.523,5.468,0.03,3.48,2.87
4/28/2023 22:14,11.978,11.016,0.14,6.49,5.30
4/28/2023 22:29,7.377,6.336,0.04,3.95,3.25
4/28/2023 22:44,5.749,4.681,0.01,3.06,2.53
4/28/2023 22:59,11.794,10.829,0.13,6.38,5.22
4/28/2023 23:14,5.275,4.198,0.00,2.79,2.31
4/28/2023 23:29,6.860,5.810,0.03,3.67,3.02
4/28/2023 23:44,7.670,6.634,0.05,4.11,3.38
4/28/2023 23:59,7.003,5.956,0.03,3.75,3.08
4/29/2023 0:14,6.450,5.393,0.02,3.44,2.84
4/29/2023 0:29,6.513,5.457,0.02,3.48,2.87
4/29/2023 0:44,6.325,5.266,0.02,3.37,2.78
4/29/2023 0:59,5.796,4.729,0.01,3.08,2.55
4/29/2023 1:14,4.415,3.323,0.00,2.32,1.93
4/29/2023 1:29,5.966,4.901,0.01,3.18,2.62
4/29/2023 1:44,3.996,2.898,0.00,2.09,1.74
4/29/2023 1:59,6.684,5.632,0.03,3.57,2.94
4/29/2023 2:14,5.377,4.302,0.00,2.85,2.36
4/29/2023 2:29,5.688,4.619,0.01,3.02,2.50
4/29/2023 2:44,6.713,5.661,0.03,3.59,2.96
4/29/2023 2:59,4.920,3.837,0.00,2.60,2.16
4/29/2023 3:14,4.687,3.600,0.00,2.47,2.05
4/29/2023 3:29,5.854,4.787,0.01,3.11,2.57
4/29/2023 3:44,5.309,4.233,0.00,2.81,2.33
4/29/2023 3:59,4.743,3.657,0.00,2.50,2.08
4/29/2023 4:14,6.369,5.312,0.02,3.40,2.80
4/29/2023 4:29,4.518,3.428,0.00,2.38,1.98
4/29/2023 4:44,4.759,3.674,0.00,2.51,2.08
4/29/2023 4:59,5.309,4.233,0.00,2.81,2.33
4/29/2023 5:14,4.984,3.903,0.00,2.64,2.19
4/29/2023 5:29,5.853,4.787,0.01,3.11,2.57
4/29/2023 5:44,5.446,4.372,0.00,2.89,2.39
4/29/2023 5:59,5.845,4.779,0.01,3.11,2.57
4/29/2023 6:14,4.901,3.819,0.00,2.59,2.15
4/29/2023 6:29,4.993,3.911,0.00,2.64,2.19
4/29/2023 6:44,4.252,3.158,0.00,2.23,1.86
4/29/2023 6:59,5.418,4.343,0.00,2.87,2.38
4/29/2023 7:14,3.995,2.897,0.00,2.09,1.74
4/29/2023 7:29,9.525,8.520,0.09,5.13,4.21
4/29/2023 7:44,5.212,4.134,0.00,2.76,2.29
4/29/2023 7:59,6.067,5.004,0.02,3.23,2.67
4/29/2023 8:14,4.545,3.456,0.00,2.39,1.99
4/29/2023 8:29,4.736,3.650,0.00,2.50,2.07
4/29/2023 8:44,5.776,4.708,0.01,3.07,2.54
4/29/2023 8:59,5.088,4.009,0.00,2.69,2.23
4/29/2023 9:14,4.631,3.544,0.00,2.44,2.03
4/29/2023 9:29,4.344,3.251,0.00,2.28,1.90
4/29/2023 9:44,5.173,4.095,0.00,2.74,2.27
4/29/2023 9:59,5.602,4.531,0.01,2.98,2.46
4/29/2023 10:14,5.744,4.676,0.01,3.05,2.52
4/29/2023 10:29,5.771,4.703,0.01,3.07,2.54
4/29/2023 10:44,6.158,5.096,0.02,3.28,2.71
4/29/2023 10:59,6.274,5.215,0.02,3.35,2.76
4/29/2023 11:14,4.942,3.860,0.00,2.61,2.17
4/29/2023 11:29,5.414,4.340,0.00,2.87,2.38
4/29/2023 11:44,5.207,4.130,0.00,2.76,2.28
4/29/2023 11:59,4.814,3.730,0.00,2.54,2.11
4/29/2023 12:14,6.079,5.016,0.02,3.24,2.67
4/29/2023 12:29,4.868,3.784,0.00,2.57,2.13
4/29/2023 12:44,5.210,4.132,0.00,2.76,2.29
4/29/2023 12:59,6.749,5.698,0.03,3.61,2.97
4/29/2023 13:14,7.900,6.868,0.05,4.24,3.48
4/29/2023 13:29,8.561,7.541,0.07,4.60,3.78
4/29/2023 13:44,6.902,5.853,0.03,3.69,3.04
4/29/2023 13:59,6.079,5.016,0.02,3.24,2.67
4/29/2023 14:14,10.004,9.008,0.10,5.40,4.42
4/29/2023 14:29,15.105,14.196,0.20,8.21,6.70
4/29/2023 14:44,11.017,10.038,0.12,5.96,4.87
4/29/2023 14:59,10.138,9.144,0.10,5.47,4.48
4/29/2023 15:14,7.117,6.072,0.04,3.81,3.14
4/29/2023 15:29,7.453,6.414,0.04,3.99,3.29
4/29/2023 15:44,4.405,3.314,0.00,2.32,1.93
4/29/2023 15:59,3.253,2.142,0.00,1.68,1.41
4/29/2023 16:14,10.531,9.544,0.11,5.69,4.66
4/29/2023 16:29,12.257,11.300,0.14,6.64,5.43
4/29/2023 16:44,12.885,11.938,0.16,6.99,5.71
4/29/2023 16:59,12.505,11.552,0.15,6.78,5.54
4/29/2023 17:14,11.439,10.467,0.13,6.19,5.06
4/29/2023 17:29,15.298,14.392,0.21,8.31,6.78
4/29/2023 17:44,13.298,12.357,0.16,7.21,5.89
4/29/2023 17:59,14.159,13.233,0.18,7.69,6.28
4/29/2023 18:14,15.357,14.452,0.21,8.35,6.81
4/29/2023 18:29,15.919,15.024,0.22,8.66,7.06
4/29/2023 18:44,11.450,10.479,0.13,6.20,5.07
4/29/2023 18:59,14.042,13.114,0.18,7.62,6.22
4/29/2023 19:14,11.353,10.380,0.12,6.14,5.02
4/29/2023 19:29,11.243,10.268,0.12,6.08,4.98
4/29/2023 19:44,11.995,11.033,0.14,6.50,5.31
4/29/2023 19:59,10.868,9.886,0.11,5.87,4.81
4/29/2023 20:14,12.110,11.149,0.14,6.56,5.36
4/29/2023 20:29,11.760,10.794,0.13,6.37,5.21
4/29/2023 20:44,10.934,9.954,0.12,5.91,4.84
4/29/2023 20:59,9.634,8.632,0.09,5.20,4.26
4/29/2023 21:14,12.007,11.045,0.14,6.50,5.32
4/29/2023 21:29,8.224,7.197,0.06,4.42,3.63
4/29/2023 21:44,10.465,9.477,0.11,5.65,4.63
4/29/2023 21:59,8.716,7.698,0.07,4.69,3.85
4/29/2023 22:14,8.592,7.572,0.07,4.62,3.79
4/29/2023 22:29,9.062,8.050,0.08,4.88,4.00
4/29/2023 22:44,8.943,7.929,0.07,4.81,3.95
4/29/2023 22:59,9.121,8.110,0.08,4.91,4.03
4/29/2023 23:14,8.600,7.580,0.07,4.63,3.80
4/29/2023 23:29,8.862,7.846,0.07,4.77,3.91
4/29/2023 23:44,10.648,9.662,0.11,5.75,4.71
4/29/2023 23:59,11.367,10.394,0.12,6.15,5.03
4/30/2023 0:14,9.581,8.577,0.09,5.17,4.23
4/30/2023 0:29,7.754,6.719,0.05,4.16,3.42
4/30/2023 0:44,10.812,9.830,0.11,5.84,4.78
4/30/2023 0:59,9.355,8.348,0.08,5.04,4.13
4/30/2023 1:14,9.164,8.154,0.08,4.94,4.05
4/30/2023 1:29,11.557,10.588,0.13,6.25,5.12
4/30/2023 1:44,8.044,7.015,0.06,4.32,3.55
4/30/2023 1:59,12.280,11.322,0.14,6.65,5.44
4/30/2023 2:14,8.198,7.172,0.06,4.40,3.62
4/30/2023 2:29,10.652,9.667,0.11,5.76,4.71
4/30/2023 2:44,9.509,8.505,0.09,5.13,4.20
4/30/2023 2:59,10.231,9.239,0.10,5.52,4.52
4/30/2023 3:14,10.642,9.657,0.11,5.75,4.71
4/30/2023 3:29,8.089,7.060,0.06,4.34,3.57
4/30/2023 3:44,8.627,7.607,0.07,4.64,3.81
4/30/2023 3:59,8.566,7.546,0.07,4.61,3.78
4/30/2023 4:14,6.769,5.718,0.03,3.62,2.98
4/30/2023 4:29,11.421,10.449,0.13,6.18,5.05
4/30/2023 4:44,7.695,6.660,0.05,4.13,3.39
4/30/2023 4:59,7.360,6.319,0.04,3.94,3.24
4/30/2023 5:14,6.906,5.857,0.03,3.69,3.04
4/30/2023 5:29,11.443,10.471,0.13,6.19,5.06
4/30/2023 5:44,11.467,10.496,0.13,6.20,5.08
4/30/2023 5:59,8.654,7.635,0.07,4.66,3.82
4/30/2023 6:14,8.046,7.016,0.06,4.32,3.55
4/30/2023 6:29,10.934,9.953,0.12,5.91,4.84
4/30/2023 6:44,5.486,4.413,0.00,2.91,2.41
4/30/2023 6:59,6.759,5.708,0.03,3.61,2.98
4/30/2023 7:14,6.998,5.951,0.03,3.74,3.08
4/30/2023 7:29,8.526,7.505,0.07,4.59,3.76
4/30/2023 7:44,7.881,6.849,0.05,4.23,3.48
4/30/2023 7:59,7.345,6.304,0.04,3.93,3.24
4/30/2023 8:14,9.701,8.699,0.09,5.23,4.29
4/30/2023 8:29,6.531,5.476,0.03,3.49,2.87
4/30/2023 8:44,7.055,6.008,0.04,3.77,3.11
4/30/2023 8:59,10.174,9.181,0.10,5.49,4.50
4/30/2023 9:14,5.422,4.348,0.00,2.88,2.38
4/30/2023 9:29,10.790,9.807,0.11,5.83,4.77
4/30/2023 9:44,8.296,7.270,0.06,4.46,3.66
4/30/2023 9:59,6.112,5.050,0.02,3.26,2.69
4/30/2023 10:14,6.815,5.764,0.03,3.64,3.00
4/30/2023 10:29,6.528,5.473,0.03,3.49,2.87
4/30/2023 10:44,6.654,5.601,0.03,3.55,2.93
4/30/2023 10:59,8.657,7.638,0.07,4.66,3.82
4/30/2023 11:14,7.134,6.089,0.04,3.82,3.14
4/30/2023 11:29,7.507,6.469,0.05,4.02,3.31
4/30/2023 11:44,8.028,6.998,0.06,4.31,3.54
4/30/2023 11:59,6.977,5.929,0.03,3.73,3.07
4/30/2023 12:14,6.446,5.389,0.02,3.44,2.84
4/30/2023 12:29,6.194,5.133,0.02,3.30,2.72
4/30/2023 12:44,5.768,4.700,0.01,3.07,2.53
4/30/2023 12:59,9.408,8.402,0.08,5.07,4.16
4/30/2023 13:14,11.289,10.314,0.12,6.11,5.00
4/30/2023 13:29,10.626,9.641,0.11,5.74,4.70
4/30/2023 13:44,13.176,12.233,0.16,7.15,5.84
4/30/2023 13:59,12.268,11.310,0.14,6.65,5.43
4/30/2023 14:14,14.945,14.033,0.20,8.12,6.63
4/30/2023 14:29,18.029,17.169,0.26,9.82,8.00
4/30/2023 14:44,15.511,14.608,0.21,8.43,6.88
4/30/2023 14:59,17.915,17.053,0.26,9.75,7.95
4/30/2023 15:14,21.190,20.384,0.33,11.56,9.41
4/30/2023 15:29,23.405,22.636,0.37,12.78,10.40
4/30/2023 15:44,30.933,30.293,0.53,16.92,13.75
4/30/2023 15:59,41.960,41.507,0.76,22.99,18.67
4/30/2023 16:14,31.476,30.845,0.54,17.22,14.00
4/30/2023 16:29,34.691,34.115,0.61,18.99,15.43
4/30/2023 16:44,33.209,32.607,0.57,18.18,14.77
4/30/2023 16:59,44.380,43.968,0.80,24.33,19.75
4/30/2023 17:14,35.950,35.395,0.63,19.68,15.99
4/30/2023 17:29,42.035,41.584,0.76,23.04,18.70
4/30/2023 17:44,38.547,38.036,0.68,21.11,17.15
4/30/2023 17:59,40.773,40.300,0.73,22.34,18.14
4/30/2023 18:14,39.981,39.494,0.71,21.90,17.79
4/30/2023 18:29,32.462,31.848,0.56,17.76,14.43
4/30/2023 18:44,33.008,32.403,0.57,18.06,14.68
4/30/2023 18:59,41.585,41.126,0.75,22.79,18.50
4/30/2023 19:14,31.579,30.949,0.54,17.28,14.04
4/30/2023 19:29,28.597,27.917,0.48,15.64,12.71
4/30/2023 19:44,26.973,26.265,0.45,14.74,11.99
4/30/2023 19:59,24.555,23.807,0.40,13.41,10.91
4/30/2023 20:14,24.613,23.866,0.40,13.44,10.94
4/30/2023 20:29,27.697,27.002,0.46,15.14,12.31
4/30/2023 20:44,22.479,21.694,0.35,12.27,9.98
4/30/2023 20:59,19.329,18.491,0.29,10.53,8.58
4/30/2023 21:14,19.958,19.131,0.30,10.88,8.86
4/30/2023 21:29,21.703,20.906,0.34,11.84,9.64
4/30/2023 21:44,23.800,23.039,0.38,13.00,10.57
4/30/2023 21:59,15.605,14.704,0.21,8.48,6.92
4/30/2023 22:14,19.764,18.934,0.30,10.77,8.77
4/30/2023 22:29,29.193,28.523,0.49,15.96,12.98
4/30/2023 22:44,18.436,17.584,0.27,10.04,8.18
4/30/2023 22:59,20.833,20.021,0.32,11.36,9.25
4/30/2023 23:14,21.126,20.319,0.33,11.52,9.38
4/30/2023 23:29,18.374,17.520,0.27,10.01,8.15
4/30/2023 23:44,20.456,19.637,0.31,11.15,9.08
4/30/2023 23:59,19.018,18.175,0.28,10.36,8.44
5/1/2023 0:14,22.373,21.587,0.35,12.21,9.94
5/1/2023 0:29,28.249,27.563,0.47,15.44,12.56
5/1/2023 0:44,21.861,21.067,0.34,11.93,9.71
5/1/2023 0:59,23.244,22.473,0.37,12.69,10.33
5/1/2023 1:14,20.808,19.996,0.32,11.35,9.24
5/1/2023 1:29,15.004,14.093,0.20,8.15,6.65
5/1/2023 1:44,14.299,13.376,0.19,7.76,6.34
5/1/2023 1:59,13.396,12.458,0.17,7.27,5.94
5/1/2023 2:14,9.489,8.484,0.09,5.12,4.19
5/1/2023 2:29,7.326,6.284,0.04,3.92,3.23
5/1/2023 2:44,11.650,10.682,0.13,6.31,5.16
5/1/2023 2:59,12.393,11.438,0.15,6.71,5.49
5/1/2023 3:14,10.897,9.916,0.12,5.89,4.82
5/1/2023 3:29,12.716,11.766,0.15,6.89,5.63
5/1/2023 3:44,12.111,11.151,0.14,6.56,5.36
5/1/2023 3:59,12.327,11.370,0.14,6.68,5.46
5/1/2023 4:14,15.313,14.407,0.21,8.32,6.79
5/1/2023 4:29,11.122,10.145,0.12,6.01,4.92
5/1/2023 4:44,13.978,13.049,0.18,7.59,6.19
5/1/2023 4:59,10.925,9.945,0.12,5.91,4.83
5/1/2023 5:14,13.923,12.994,0.18,7.56,6.17
5/1/2023 5:29,15.138,14.229,0.20,8.23,6.71
5/1/2023 5:44,9.532,8.528,0.09,5.14,4.21
5/1/2023 5:59,10.828,9.846,0.11,5.85,4.79
5/1/2023 6:14,10.693,9.709,0.11,5.78,4.73
5/1/2023 6:29,9.321,8.313,0.08,5.02,4.12
5/1/2023 6:44,7.961,6.930,0.05,4.27,3.51
5/1/2023 6:59,8.272,7.247,0.06,4.45,3.65
5/1/2023 7:14,8.180,7.153,0.06,4.39,3.61
5/1/2023 7:29,7.968,6.937,0.05,4.28,3.52
5/1/2023 7:44,10.022,9.026,0.10,5.41,4.43
5/1/2023 7:59,10.606,9.620,0.11,5.73,4.69
5/1/2023 8:14,9.531,8.527,0.09,5.14,4.21
5/1/2023 8:29,8.133,7.105,0.06,4.37,3.59
5/1/2023 8:44,9.417,8.411,0.08,5.08,4.16
5/1/2023 8:59,9.446,8.440,0.09,5.09,4.17
5/1/2023 9:14,7.859,6.826,0.05,4.22,3.47
5/1/2023 9:29,8.268,7.242,0.06,4.44,3.65
5/1/2023 9:44,12.467,11.513,0.15,6.76,5.52
5/1/2023 9:59,9.969,8.972,0.10,5.38,4.41
5/1/2023 10:14,11.413,10.441,0.13,6.17,5.05
5/1/2023 10:29,10.558,9.571,0.11,5.70,4.67
5/1/2023 10:44,12.922,11.976,0.16,7.01,5.72
5/1/2023 10:59,11.915,10.952,0.14,6.45,5.28
5/1/2023 11:14,10.072,9.077,0.10,5.44,4.45
5/1/2023 11:29,9.936,8.938,0.10,5.36,4.39
5/1/2023 11:44,10.275,9.284,0.10,5.55,4.54
5/1/2023 11:59,11.141,10.165,0.12,6.03,4.93
5/1/2023 12:14,11.514,10.543,0.13,6.23,5.10
5/1/2023 12:29,12.970,12.024,0.16,7.03,5.75
5/1/2023 12:44,10.840,9.858,0.11,5.86,4.80
5/1/2023 12:59,11.591,10.622,0.13,6.27,5.13
5/1/2023 13:14,14.110,13.184,0.18,7.66,6.25
5/1/2023 13:29,22.403,21.618,0.35,12.23,9.95
5/1/2023 13:44,11.389,10.417,0.13,6.16,5.04
5/1/2023 13:59,12.471,11.516,0.15,6.76,5.52
5/1/2023 14:14,14.447,13.527,0.19,7.85,6.40
5/1/2023 14:29,20.070,19.245,0.30,10.94,8.91
5/1/2023 14:44,23.531,22.765,0.38,12.85,10.45
5/1/2023 14:59,18.521,17.670,0.27,10.09,8.22
5/1/2023 15:14,20.626,19.811,0.32,11.25,9.16
5/1/2023 15:33,15.366,14.461,0.21,8.35,6.81
5/1/2023 15:48,20.431,19.612,0.31,11.14,9.07
5/1/2023 16:03,17.580,16.713,0.25,9.57,7.80
5/1/2023 16:18,20.221,19.399,0.31,11.02,8.98
5/1/2023 16:33,20.886,20.075,0.32,11.39,9.27
5/1/2023 16:48,22.146,21.356,0.35,12.08,9.84
5/1/2023 17:03,24.192,23.437,0.39,13.21,10.75
5/1/2023 17:18,24.580,23.831,0.40,13.42,10.92
5/1/2023 17:33,25.354,24.619,0.41,13.85,11.27
5/1/2023 17:48,26.843,26.133,0.44,14.67,11.93
5/1/2023 18:03,23.793,23.031,0.38,12.99,10.57
5/1/2023 18:18,24.633,23.885,0.40,13.45,10.94
5/1/2023 18:33,24.719,23.973,0.40,13.50,10.98
5/1/2023 18:48,23.151,22.379,0.37,12.64,10.28
5/1/2023 19:03,24.273,23.520,0.39,13.26,10.78
5/1/2023 19:18,19.699,18.868,0.30,10.74,8.75
5/1/2023 19:33,19.687,18.855,0.30,10.73,8.74
5/1/2023 19:48,23.712,22.949,0.38,12.95,10.53
5/1/2023 19:59,20.697,19.882,0.32,11.29,9.19
5/1/2023 20:14,17.118,16.242,0.24,9.32,7.59
5/1/2023 20:29,19.706,18.875,0.30,10.74,8.75
5/1/2023 20:44,17.380,16.509,0.25,9.46,7.71
5/1/2023 20:59,15.946,15.051,0.22,8.67,7.07
5/1/2023 21:14,17.459,16.590,0.25,9.50,7.75
5/1/2023 21:29,19.489,18.654,0.29,10.62,8.65
5/1/2023 21:44,13.966,13.037,0.18,7.58,6.19
5/1/2023 21:59,16.875,15.995,0.24,9.18,7.49
5/1/2023 22:14,12.007,11.044,0.14,6.50,5.32
5/1/2023 22:29,15.933,15.038,0.22,8.66,7.07
5/1/2023 22:44,16.112,15.219,0.22,8.76,7.15
5/1/2023 22:59,15.983,15.089,0.22,8.69,7.09
5/1/2023 23:14,13.305,12.365,0.16,7.22,5.89
5/1/2023 23:29,15.139,14.230,0.20,8.23,6.71
5/1/2023 23:44,16.748,15.867,0.24,9.11,7.43
5/1/2023 23:59,12.679,11.729,0.15,6.87,5.62
5/2/2023 0:14,17.918,17.057,0.26,9.76,7.95
5/2/2023 0:29,16.362,15.474,0.23,8.90,7.26
5/2/2023 0:44,16.855,15.975,0.24,9.17,7.48
5/2/2023 0:59,22.201,21.413,0.35,12.11,9.86
5/2/2023 1:14,11.461,10.489,0.13,6.20,5.07
5/2/2023 1:29,14.171,13.245,0.18,7.69,6.28
5/2/2023 1:44,13.317,12.377,0.17,7.22,5.90
5/2/2023 1:59,9.539,8.535,0.09,5.14,4.22
5/2/2023 2:14,9.536,8.532,0.09,5.14,4.21
5/2/2023 2:29,13.515,12.579,0.17,7.33,5.99
5/2/2023 2:44,11.244,10.269,0.12,6.08,4.98
5/2/2023 2:59,12.620,11.669,0.15,6.84,5.59
5/2/2023 3:14,12.617,11.665,0.15,6.84,5.59
5/2/2023 3:29,13.486,12.550,0.17,7.32,5.98
5/2/2023 3:44,9.369,8.362,0.08,5.05,4.14
5/2/2023 3:59,11.002,10.023,0.12,5.95,4.87
5/2/2023 4:14,8.622,7.602,0.07,4.64,3.81
5/2/2023 4:29,10.847,9.865,0.11,5.86,4.80
5/2/2023 4:44,9.854,8.855,0.09,5.32,4.36
5/2/2023 4:59,11.303,10.329,0.12,6.11,5.00
5/2/2023 5:14,11.184,10.208,0.12,6.05,4.95
5/2/2023 5:29,10.652,9.666,0.11,5.76,4.71
5/2/2023 5:44,9.553,8.549,0.09,5.15,4.22
5/2/2023 5:59,11.869,10.905,0.14,6.43,5.25
5/2/2023 6:14,11.333,10.360,0.12,6.13,5.02
5/2/2023 6:29,8.608,7.588,0.07,4.63,3.80
5/2/2023 6:44,10.139,9.145,0.10,5.47,4.48
5/2/2023 6:59,7.538,6.500,0.05,4.04,3.32
5/2/2023 7:14,11.215,10.240,0.12,6.07,4.96
5/2/2023 7:29,8.206,7.179,0.06,4.41,3.62
5/2/2023 7:44,8.681,7.662,0.07,4.67,3.83
5/2/2023 7:59,8.927,7.913,0.07,4.81,3.94
5/2/2023 8:14,8.136,7.108,0.06,4.37,3.59
5/2/2023 8:29,8.504,7.482,0.07,4.57,3.75
5/2/2023 8:44,8.486,7.464,0.07,4.56,3.75
5/2/2023 8:59,12.429,11.475,0.15,6.73,5.50
5/2/2023 9:14,11.923,10.959,0.14,6.46,5.28
5/2/2023 9:29,10.658,9.673,0.11,5.76,4.71
5/2/2023 9:44,13.031,12.086,0.16,7.07,5.77
5/2/2023 9:59,8.388,7.365,0.06,4.51,3.70
5/2/2023 10:14,9.335,8.328,0.08,5.03,4.12
5/2/2023 10:29,8.906,7.891,0.07,4.79,3.93
5/2/2023 10:44,8.180,7.153,0.06,4.39,3.61
5/2/2023 10:59,10.449,9.461,0.11,5.64,4.62
5/2/2023 11:14,7.965,6.934,0.05,4.28,3.51
5/2/2023 11:29,7.806,6.772,0.05,4.19,3.44
5/2/2023 11:44,8.241,7.215,0.06,4.43,3.64
5/2/2023 11:59,9.342,8.334,0.08,5.03,4.13
5/2/2023 12:14,8.264,7.239,0.06,4.44,3.65
5/2/2023 12:29,8.043,7.014,0.06,4.32,3.55
5/2/2023 12:44,8.061,7.032,0.06,4.33,3.56
5/2/2023 12:59,9.059,8.047,0.08,4.88,4.00
5/2/2023 13:14,7.935,6.903,0.05,4.26,3.50
5/2/2023 13:29,10.208,9.215,0.10,5.51,4.51
5/2/2023 13:44,8.288,7.263,0.06,4.45,3.66
5/2/2023 13:59,8.508,7.486,0.07,4.57,3.76
5/2/2023 14:14,10.764,9.781,0.11,5.82,4.76
5/2/2023 14:29,9.031,8.018,0.08,4.86,3.99
5/2/2023 14:44,13.025,12.080,0.16,7.06,5.77
5/2/2023 14:59,10.228,9.235,0.10,5.52,4.52
5/2/2023 15:14,9.817,8.818,0.09,5.30,4.34
5/2/2023 15:29,9.401,8.395,0.08,5.07,4.15
5/2/2023 15:44,8.115,7.087,0.06,4.36,3.58
5/2/2023 15:59,12.268,11.311,0.14,6.65,5.43
5/2/2023 16:14,10.813,9.831,0.11,5.84,4.78
5/2/2023 16:29,8.826,7.810,0.07,4.75,3.90
5/2/2023 16:44,9.863,8.864,0.09,5.32,4.36
5/2/2023 16:59,10.478,9.490,0.11,5.66,4.63
5/2/2023 17:14,9.091,8.079,0.08,4.90,4.02
5/2/2023 17:29,12.355,11.399,0.15,6.69,5.47
5/2/2023 17:48,10.227,9.235,0.10,5.52,4.52
5/2/2023 18:03,10.814,9.832,0.11,5.85,4.78
5/2/2023 18:18,12.921,11.974,0.16,7.00,5.72
5/2/2023 18:33,13.632,12.697,0.17,7.40,6.04
5/2/2023 18:44,14.253,13.329,0.18,7.74,6.32
5/2/2023 18:59,12.828,11.880,0.15,6.95,5.68
5/2/2023 19:14,13.920,12.990,0.18,7.55,6.17
5/2/2023 19:29,13.555,12.619,0.17,7.35,6.01
5/2/2023 19:44,13.103,12.159,0.16,7.10,5.80
5/2/2023 19:59,10.611,9.625,0.11,5.73,4.69
5/2/2023 20:14,11.118,10.141,0.12,6.01,4.92
5/2/2023 20:29,11.638,10.669,0.13,6.30,5.15
5/2/2023 20:44,11.895,10.931,0.14,6.44,5.27
5/2/2023 20:59,9.700,8.699,0.09,5.23,4.29
5/2/2023 21:14,7.934,6.903,0.05,4.26,3.50
5/2/2023 21:29,7.896,6.865,0.05,4.24,3.48
5/2/2023 21:44,10.589,9.603,0.11,5.72,4.68
5/2/2023 21:59,11.783,10.817,0.13,6.38,5.22
5/2/2023 22:14,11.627,10.658,0.13,6.29,5.15
5/2/2023 22:29,13.555,12.619,0.17,7.35,6.01
5/2/2023 22:44,7.993,6.963,0.06,4.29,3.53
5/2/2023 22:59,8.668,7.649,0.07,4.66,3.83
5/2/2023 23:14,7.431,6.391,0.04,3.98,3.28
5/2/2023 23:29,7.849,6.816,0.05,4.21,3.46
5/2/2023 23:44,9.736,8.735,0.09,5.25,4.30
5/2/2023 23:59,8.743,7.725,0.07,4.70,3.86
5/3/2023 0:14,12.074,11.113,0.14,6.54,5.35
5/3/2023 0:29,7.498,6.459,0.05,4.02,3.31
5/3/2023 0:44,8.078,7.049,0.06,4.34,3.56
5/3/2023 0:59,9.834,8.835,0.09,5.31,4.35
5/3/2023 1:14,8.400,7.376,0.06,4.52,3.71
5/3/2023 1:29,10.229,9.236,0.10,5.52,4.52
5/3/2023 1:44,10.543,9.556,0.11,5.70,4.66
5/3/2023 1:59,8.628,7.609,0.07,4.64,3.81
5/3/2023 2:14,8.569,7.548,0.07,4.61,3.78
5/3/2023 2:29,8.316,7.291,0.06,4.47,3.67
5/3/2023 2:44,6.842,5.792,0.03,3.66,3.01
5/3/2023 2:59,7.357,6.316,0.04,3.94,3.24
5/3/2023 3:14,7.370,6.329,0.04,3.95,3.25
5/3/2023 3:29,7.359,6.317,0.04,3.94,3.24
5/3/2023 3:44,6.286,5.226,0.02,3.35,2.77
5/3/2023 3:59,11.835,10.870,0.13,6.41,5.24
5/3/2023 4:14,8.374,7.350,0.06,4.50,3.70
5/3/2023 4:29,7.980,6.949,0.06,4.28,3.52
5/3/2023 4:44,7.728,6.693,0.05,4.15,3.41
5/3/2023 4:59,9.388,8.381,0.08,5.06,4.15
5/3/2023 5:14,7.398,6.358,0.04,3.96,3.26
5/3/2023 5:29,9.748,8.748,0.09,5.26,4.31
5/3/2023 5:44,7.629,6.592,0.05,4.09,3.36
5/3/2023 5:59,7.371,6.330,0.04,3.95,3.25
5/3/2023 6:14,8.739,7.721,0.07,4.70,3.86
5/3/2023 6:29,7.112,6.066,0.04,3.81,3.13
5/3/2023 6:44,8.697,7.679,0.07,4.68,3.84
5/3/2023 6:59,8.973,7.959,0.08,4.83,3.96
5/3/2023 7:14,12.254,11.296,0.14,6.64,5.43
5/3/2023 7:29,14.473,13.552,0.19,7.86,6.42
5/3/2023 7:44,12.863,11.915,0.16,6.97,5.70
5/3/2023 7:59,8.891,7.876,0.07,4.79,3.93
5/3/2023 8:14,10.065,9.070,0.10,5.43,4.45
5/3/2023 8:29,7.921,6.889,0.05,4.25,3.49
5/3/2023 8:44,8.657,7.638,0.07,4.66,3.82
5/3/2023 8:59,9.142,8.131,0.08,4.92,4.04
5/3/2023 9:14,6.930,5.882,0.03,3.71,3.05
5/3/2023 9:29,6.600,5.546,0.03,3.52,2.91
5/3/2023 9:44,8.869,7.854,0.07,4.77,3.92
5/3/2023 9:59,10.115,9.121,0.10,5.46,4.47
5/3/2023 10:14,8.058,7.029,0.06,4.33,3.56
5/3/2023 10:29,9.846,8.847,0.09,5.31,4.35
5/3/2023 10:44,6.587,5.533,0.03,3.52,2.90
5/3/2023 10:59,10.850,9.868,0.11,5.86,4.80
5/3/2023 11:14,8.111,7.082,0.06,4.36,3.58
5/3/2023 11:29,9.825,8.826,0.09,5.30,4.34
5/3/2023 11:44,7.923,6.892,0.05,4.25,3.50
5/3/2023 11:59,7.411,6.371,0.04,3.97,3.27
5/3/2023 12:14,10.310,9.319,0.10,5.57,4.56
5/3/2023 12:29,15.341,14.436,0.21,8.34,6.80
5/3/2023 12:44,8.988,7.974,0.08,4.84,3.97
5/3/2023 12:59,7.758,6.723,0.05,4.16,3.42
5/3/2023 13:14,10.677,9.692,0.11,5.77,4.72
5/3/2023 13:29,8.840,7.824,0.07,4.76,3.90
5/3/2023 13:44,12.153,11.194,0.14,6.58,5.38
5/3/2023 13:59,8.201,7.174,0.06,4.41,3.62
5/3/2023 14:14,10.234,9.242,0.10,5.53,4.53
5/3/2023 14:29,9.564,8.560,0.09,5.16,4.23
5/3/2023 14:44,11.625,10.657,0.13,6.29,5.15
5/3/2023 14:59,15.084,14.174,0.20,8.20,6.69
5/3/2023 15:14,13.153,12.211,0.16,7.13,5.83
5/3/2023 15:29,18.251,17.395,0.27,9.94,8.10
5/3/2023 15:44,27.066,26.360,0.45,14.79,12.03
5/3/2023 15:59,15.583,14.682,0.21,8.47,6.91
5/3/2023 16:14,21.858,21.063,0.34,11.93,9.71
5/3/2023 16:29,21.761,20.964,0.34,11.87,9.66
5/3/2023 16:44,20.851,20.039,0.32,11.37,9.26
5/3/2023 16:59,26.949,26.240,0.45,14.73,11.98
5/3/2023 17:14,24.866,24.123,0.40,13.58,11.05
5/3/2023 17:29,31.720,31.093,0.54,17.36,14.10
5/3/2023 17:44,26.877,26.168,0.44,14.69,11.95
5/3/2023 17:59,28.487,27.806,0.48,15.58,12.66
5/3/2023 18:14,27.388,26.688,0.45,14.97,12.17
5/3/2023 18:29,22.522,21.739,0.35,12.29,10.00
5/3/2023 18:44,22.033,21.242,0.34,12.02,9.79
5/3/2023 18:59,21.949,21.156,0.34,11.98,9.75
5/3/2023 19:14,30.526,29.879,0.52,16.70,13.57
5/3/2023 19:29,26.594,25.880,0.44,14.53,11.82
5/3/2023 19:44,26.430,25.713,0.44,14.44,11.75
5/3/2023 19:59,22.451,21.667,0.35,12.25,9.97
5/3/2023 20:14,19.139,18.298,0.28,10.43,8.50
5/3/2023 20:29,16.953,16.075,0.24,9.22,7.52
5/3/2023 20:44,20.195,19.372,0.31,11.01,8.97
5/3/2023 20:59,17.108,16.232,0.24,9.31,7.59
5/3/2023 21:14,16.280,15.390,0.23,8.85,7.22
5/3/2023 21:29,21.723,20.926,0.34,11.85,9.65
5/3/2023 21:44,15.425,14.521,0.21,8.38,6.84
5/3/2023 21:59,18.476,17.624,0.27,10.06,8.20
5/3/2023 22:14,15.159,14.250,0.20,8.24,6.72
5/3/2023 22:29,19.541,18.707,0.29,10.65,8.67
5/3/2023 22:44,17.389,16.518,0.25,9.46,7.72
5/3/2023 22:59,11.978,11.015,0.14,6.49,5.30
5/3/2023 23:14,12.985,12.039,0.16,7.04,5.75
5/3/2023 23:29,13.578,12.642,0.17,7.37,6.02
5/3/2023 23:44,10.195,9.202,0.10,5.50,4.51
5/3/2023 23:59,9.388,8.382,0.08,5.06,4.15
5/4/2023 0:14,12.659,11.708,0.15,6.86,5.61
5/4/2023 0:29,13.853,12.922,0.18,7.52,6.14
5/4/2023 0:44,12.561,11.608,0.15,6.81,5.56
5/4/2023 0:59,15.922,15.026,0.22,8.66,7.06
5/4/2023 1:14,13.099,12.156,0.16,7.10,5.80
5/4/2023 1:29,9.994,8.998,0.10,5.39,4.42
5/4/2023 1:44,11.467,10.496,0.13,6.20,5.08
5/4/2023 1:59,15.070,14.160,0.20,8.19,6.68
5/4/2023 2:14,12.199,11.241,0.14,6.61,5.40
5/4/2023 2:29,12.891,11.944,0.16,6.99,5.71
5/4/2023 2:44,14.065,13.137,0.18,7.63,6.23
5/4/2023 2:59,12.402,11.446,0.15,6.72,5.49
5/4/2023 3:14,9.747,8.746,0.09,5.26,4.31
5/4/2023 3:29,12.713,11.763,0.15,6.89,5.63
5/4/2023 3:44,12.021,11.059,0.14,6.51,5.32
5/4/2023 3:59,8.618,7.599,0.07,4.64,3.81
5/4/2023 4:14,11.718,10.751,0.13,6.34,5.19
5/4/2023 4:29,11.123,10.145,0.12,6.01,4.92
5/4/2023 4:44,11.676,10.708,0.13,6.32,5.17
5/4/2023 4:59,11.283,10.308,0.12,6.10,4.99
5/4/2023 5:14,9.190,8.180,0.08,4.95,4.06
5/4/2023 5:29,9.529,8.525,0.09,5.14,4.21
5/4/2023 5:44,9.749,8.748,0.09,5.26,4.31
5/4/2023 5:59,7.575,6.538,0.05,4.06,3.34
5/4/2023 6:14,7.485,6.446,0.04,4.01,3.30
5/4/2023 6:29,8.363,7.339,0.06,4.50,3.69
5/4/2023 6:44,10.574,9.587,0.11,5.71,4.68
5/4/2023 6:59,8.401,7.378,0.06,4.52,3.71
5/4/2023 7:14,7.367,6.326,0.04,3.95,3.25
5/4/2023 7:29,7.438,6.398,0.04,3.99,3.28
5/4/2023 7:44,6.911,5.863,0.03,3.70,3.04
5/4/2023 7:59,7.326,6.285,0.04,3.92,3.23
5/4/2023 8:14,8.146,7.118,0.06,4.38,3.59
5/4/2023 8:29,10.126,9.132,0.10,5.47,4.48
5/4/2023 8:44,9.253,8.244,0.08,4.99,4.09
5/4/2023 8:59,6.692,5.640,0.03,3.58,2.95
5/4/2023 9:14,6.890,5.841,0.03,3.68,3.03
5/4/2023 9:29,6.438,5.381,0.02,3.44,2.83
5/4/2023 9:44,8.865,7.850,0.07,4.77,3.92
5/4/2023 9:59,9.864,8.866,0.09,5.32,4.36
5/4/2023 10:14,8.984,7.970,0.08,4.84,3.97
5/4/2023 10:29,7.574,6.537,0.05,4.06,3.34
5/4/2023 10:44,8.675,7.656,0.07,4.67,3.83
5/4/2023 10:59,8.181,7.154,0.06,4.40,3.61
5/4/2023 11:14,8.859,7.843,0.07,4.77,3.91
5/4/2023 11:29,8.527,7.506,0.07,4.59,3.76
5/4/2023 11:44,9.872,8.873,0.09,5.33,4.36
5/4/2023 11:59,8.891,7.876,0.07,4.79,3.93
5/4/2023 12:14,8.507,7.486,0.07,4.57,3.76
5/4/2023 12:29,9.272,8.263,0.08,5.00,4.10
5/4/2023 12:44,8.427,7.404,0.06,4.53,3.72
5/4/2023 12:59,6.909,5.860,0.03,3.69,3.04
5/4/2023 13:14,8.646,7.626,0.07,4.65,3.82
5/4/2023 13:29,11.694,10.727,0.13,6.33,5.18
5/4/2023 13:44,7.903,6.871,0.05,4.24,3.49
5/4/2023 13:59,10.408,9.419,0.11,5.62,4.60
5/4/2023 14:14,9.778,8.778,0.09,5.27,4.32
5/4/2023 14:29,8.329,7.305,0.06,4.48,3.68
5/4/2023 14:44,8.870,7.854,0.07,4.77,3.92
5/4/2023 14:59,11.155,10.179,0.12,6.03,4.94
5/4/2023 15:14,8.468,7.446,0.07,4.55,3.74
5/4/2023 15:29,10.914,9.933,0.12,5.90,4.83
5/4/2023 15:44,12.162,11.202,0.14,6.59,5.38
5/4/2023 15:59,18.933,18.089,0.28,10.32,8.40
5/4/2023 16:14,14.186,13.261,0.18,7.70,6.29
5/4/2023 16:29,13.145,12.202,0.16,7.13,5.82
5/4/2023 16:44,18.137,17.279,0.26,9.88,8.05
5/4/2023 16:59,16.067,15.174,0.22,8.74,7.13
5/4/2023 17:14,21.731,20.934,0.34,11.86,9.65
5/4/2023 17:29,15.504,14.601,0.21,8.43,6.87
5/4/2023 17:44,12.493,11.539,0.15,6.77,5.53
5/4/2023 17:59,15.803,14.905,0.22,8.59,7.01
5/4/2023 18:14,10.953,9.973,0.12,5.92,4.85
5/4/2023 18:29,15.572,14.671,0.21,8.46,6.91
5/4/2023 18:44,15.867,14.970,0.22,8.63,7.04
5/4/2023 18:59,16.524,15.639,0.23,8.99,7.33
5/4/2023 19:14,15.917,15.022,0.22,8.65,7.06
5/4/2023 19:29,16.708,15.826,0.23,9.09,7.41
5/4/2023 19:44,16.814,15.934,0.24,9.15,7.46
5/4/2023 19:59,12.759,11.809,0.15,6.92,5.65
5/4/2023 20:14,11.864,10.899,0.14,6.42,5.25
5/4/2023 20:29,9.035,8.022,0.08,4.87,3.99
5/4/2023 20:44,11.289,10.315,0.12,6.11,5.00
5/4/2023 20:59,10.654,9.669,0.11,5.76,4.71
5/4/2023 21:14,10.038,9.043,0.10,5.42,4.44
5/4/2023 21:29,10.796,9.813,0.11,5.83,4.78
5/4/2023 21:44,13.126,12.183,0.16,7.12,5.81
5/4/2023 21:59,8.441,7.419,0.06,4.54,3.73
5/4/2023 22:14,10.210,9.217,0.10,5.51,4.51
5/4/2023 22:29,11.717,10.750,0.13,6.34,5.19
5/4/2023 22:44,9.596,8.593,0.09,5.17,4.24
5/4/2023 22:59,7.858,6.825,0.05,4.22,3.47
5/4/2023 23:14,8.384,7.360,0.06,4.51,3.70
5/4/2023 23:29,9.532,8.528,0.09,5.14,4.21
5/4/2023 23:44,9.912,8.914,0.09,5.35,4.38
5/4/2023 23:59,7.306,6.264,0.04,3.91,3.22
5/5/2023 0:14,12.033,11.071,0.14,6.52,5.33
5/5/2023 0:29,9.264,8.255,0.08,4.99,4.09
5/5/2023 0:44,5.830,4.763,0.01,3.10,2.56
5/5/2023 0:59,9.732,8.731,0.09,5.25,4.30
5/5/2023 1:14,6.829,5.779,0.03,3.65,3.01
5/5/2023 1:29,7.270,6.228,0.04,3.89,3.20
5/5/2023 1:44,7.229,6.186,0.04,3.87,3.19
5/5/2023 1:59,9.887,8.889,0.09,5.33,4.37
5/5/2023 2:14,6.264,5.204,0.02,3.34,2.76
5/5/2023 2:29,6.916,5.867,0.03,3.70,3.05
5/5/2023 2:44,6.786,5.736,0.03,3.63,2.99
5/5/2023 2:59,7.615,6.578,0.05,4.08,3.36
5/5/2023 3:14,7.413,6.372,0.04,3.97,3.27
5/5/2023 3:29,9.457,8.452,0.09,5.10,4.18
5/5/2023 3:44,9.499,8.494,0.09,5.12,4.20
5/5/2023 3:59,6.955,5.907,0.03,3.72,3.06
5/5/2023 4:14,7.949,6.918,0.05,4.27,3.51
5/5/2023 4:29,5.788,4.720,0.01,3.08,2.54
5/5/2023 4:44,5.796,4.728,0.01,3.08,2.55
5/5/2023 4:59,4.625,3.538,0.00,2.44,2.03
5/5/2023 5:14,4.179,3.084,0.00,2.19,1.83
5/5/2023 5:29,7.051,6.005,0.04,3.77,3.11
5/5/2023 5:44,5.932,4.867,0.01,3.16,2.61
5/5/2023 5:59,6.809,5.759,0.03,3.64,3.00
5/5/2023 6:14,7.393,6.353,0.04,3.96,3.26
5/5/2023 6:29,5.369,4.295,0.00,2.85,2.36
5/5/2023 6:44,5.085,4.005,0.00,2.69,2.23
5/5/2023 6:59,7.171,6.127,0.04,3.84,3.16
5/5/2023 7:14,5.090,4.011,0.00,2.69,2.23
5/5/2023 7:29,8.821,7.805,0.07,4.75,3.90
5/5/2023 7:44,8.652,7.633,0.07,4.65,3.82
5/5/2023 7:59,8.152,7.124,0.06,4.38,3.60
5/5/2023 8:14,7.112,6.067,0.04,3.81,3.13
5/5/2023 8:29,8.578,7.558,0.07,4.61,3.79
5/5/2023 8:44,9.584,8.581,0.09,5.17,4.24
5/5/2023 8:59,6.517,5.462,0.02,3.48,2.87
5/5/2023 9:14,6.403,5.346,0.02,3.42,2.82
5/5/2023 9:29,6.025,4.961,0.01,3.21,2.65
5/5/2023 9:44,6.674,5.621,0.03,3.57,2.94
5/5/2023 9:59,5.424,4.350,0.00,2.88,2.38
5/5/2023 10:14,8.312,7.288,0.06,4.47,3.67
5/5/2023 10:29,5.809,4.742,0.01,3.09,2.55
5/5/2023 10:44,6.760,5.708,0.03,3.61,2.98
5/5/2023 10:59,6.645,5.592,0.03,3.55,2.93
5/5/2023 11:14,5.029,3.948,0.00,2.66,2.21
5/5/2023 11:29,8.415,7.392,0.06,4.52,3.71
5/5/2023 11:44,9.167,8.156,0.08,4.94,4.05
5/5/2023 11:59,7.261,6.218,0.04,3.89,3.20
5/5/2023 12:14,8.052,7.023,0.06,4.32,3.55
5/5/2023 12:29,7.437,6.397,0.04,3.99,3.28
5/5/2023 12:44,7.145,6.100,0.04,3.82,3.15
5/5/2023 12:59,5.785,4.717,0.01,3.08,2.54
5/5/2023 13:14,7.531,6.493,0.05,4.04,3.32
5/5/2023 13:29,6.373,5.316,0.02,3.40,2.80
5/5/2023 13:44,6.042,4.978,0.02,3.22,2.66
5/5/2023 13:59,9.372,8.365,0.08,5.05,4.14
5/5/2023 14:14,6.713,5.661,0.03,3.59,2.96
5/5/2023 14:29,8.268,7.243,0.06,4.44,3.65
5/5/2023 14:44,8.280,7.255,0.06,4.45,3.65
5/5/2023 14:59,8.032,7.003,0.06,4.31,3.54
5/5/2023 15:14,9.826,8.827,0.09,5.30,4.34
5/5/2023 15:29,9.368,8.361,0.08,5.05,4.14
5/5/2023 15:44,8.587,7.566,0.07,4.62,3.79
5/5/2023 15:59,8.338,7.314,0.06,4.48,3.68
5/5/2023 16:14,9.817,8.818,0.09,5.30,4.34
5/5/2023 16:29,7.393,6.353,0.04,3.96,3.26
5/5/2023 16:44,9.526,8.522,0.09,5.14,4.21
5/5/2023 16:59,8.233,7.207,0.06,4.42,3.63
5/5/2023 17:14,9.761,8.761,0.09,5.27,4.31
5/5/2023 17:29,13.981,13.053,0.18,7.59,6.20
5/5/2023 17:44,10.261,9.270,0.10,5.54,4.54
5/5/2023 17:59,12.518,11.565,0.15,6.78,5.54
5/5/2023 18:14,12.351,11.394,0.15,6.69,5.47
5/5/2023 18:29,1.616,0.477,0.00,0.78,0.68
5/5/2023 18:44,1.736,0.599,0.00,0.85,0.74
5/5/2023 18:59,1.830,0.695,0.00,0.90,0.78
5/5/2023 19:14,1.802,0.666,0.00,0.88,0.77
5/5/2023 19:29,1.803,0.667,0.00,0.88,0.77
5/5/2023 19:44,1.660,0.522,0.00,0.80,0.70
5/5/2023 19:59,1.838,0.703,0.00,0.90,0.78
5/5/2023 20:14,1.887,0.753,0.00,0.93,0.80
5/5/2023 20:29,1.949,0.816,0.00,0.96,0.83
5/5/2023 20:44,1.926,0.793,0.00,0.95,0.82
5/5/2023 20:59,2.035,0.903,0.00,1.01,0.87
5/5/2023 21:14,1.964,0.831,0.00,0.97,0.84
5/5/2023 21:29,1.998,0.866,0.00,0.99,0.85
5/5/2023 21:44,1.995,0.863,0.00,0.99,0.85
5/5/2023 21:59,2.042,0.910,0.00,1.01,0.87
5/5/2023 22:14,1.981,0.849,0.00,0.98,0.85
5/5/2023 22:29,2.033,0.901,0.00,1.01,0.87
5/5/2023 22:44,2.006,0.874,0.00,0.99,0.86
5/5/2023 22:59,1.976,0.843,0.00,0.98,0.84
5/5/2023 23:14,1.974,0.842,0.00,0.98,0.84
5/5/2023 23:29,1.926,0.792,0.00,0.95,0.82
5/5/2023 23:44,1.907,0.773,0.00,0.94,0.81
5/5/2023 23:59,1.959,0.826,0.00,0.97,0.84
5/6/2023 0:14,1.905,0.771,0.00,0.94,0.81
5/6/2023 0:29,1.865,0.731,0.00,0.92,0.79
5/6/2023 0:44,1.921,0.788,0.00,0.95,0.82
5/6/2023 0:59,1.906,0.772,0.00,0.94,0.81
5/6/2023 1:14,1.871,0.736,0.00,0.92,0.80
5/6/2023 1:29,1.892,0.758,0.00,0.93,0.81
5/6/2023 1:44,1.844,0.709,0.00,0.91,0.79
5/6/2023 1:59,1.841,0.706,0.00,0.90,0.78
5/6/2023 2:14,1.825,0.690,0.00,0.90,0.78
5/6/2023 2:29,1.850,0.715,0.00,0.91,0.79
5/6/2023 2:44,1.825,0.689,0.00,0.90,0.78
5/6/2023 2:59,1.809,0.673,0.00,0.89,0.77
5/6/2023 3:14,1.806,0.670,0.00,0.88,0.77
5/6/2023 3:29,1.805,0.669,0.00,0.88,0.77
5/6/2023 3:44,1.786,0.651,0.00,0.87,0.76
5/6/2023 3:59,1.827,0.691,0.00,0.90,0.78
5/6/2023 4:14,1.797,0.662,0.00,0.88,0.76
5/6/2023 4:29,1.787,0.651,0.00,0.87,0.76
5/6/2023 4:44,1.739,0.602,0.00,0.85,0.74
5/6/2023 4:59,1.731,0.594,0.00,0.84,0.73
5/6/2023 5:14,1.700,0.563,0.00,0.83,0.72
5/6/2023 5:29,1.759,0.623,0.00,0.86,0.75
5/6/2023 5:44,1.692,0.555,0.00,0.82,0.72
5/6/2023 5:59,1.719,0.583,0.00,0.84,0.73
5/6/2023 6:14,1.699,0.562,0.00,0.83,0.72
5/6/2023 6:29,1.635,0.496,0.00,0.79,0.69
5/6/2023 6:44,1.672,0.534,0.00,0.81,0.71
5/6/2023 6:59,1.668,0.530,0.00,0.81,0.71
5/6/2023 7:14,1.670,0.532,0.00,0.81,0.71
5/6/2023 7:29,1.638,0.500,0.00,0.79,0.69
5/6/2023 7:44,1.679,0.541,0.00,0.82,0.71
5/6/2023 7:59,1.686,0.548,0.00,0.82,0.71
5/6/2023 8:14,1.673,0.535,0.00,0.81,0.71
5/6/2023 8:29,1.649,0.511,0.00,0.80,0.70
5/6/2023 8:44,1.697,0.560,0.00,0.83,0.72
5/6/2023 8:59,1.687,0.549,0.00,0.82,0.72
5/6/2023 9:14,1.703,0.566,0.00,0.83,0.72
5/6/2023 9:29,1.707,0.570,0.00,0.83,0.72
5/6/2023 9:44,1.706,0.569,0.00,0.83,0.72
5/6/2023 9:59,1.706,0.569,0.00,0.83,0.72
5/6/2023 10:14,1.757,0.621,0.00,0.86,0.75
5/6/2023 10:29,1.729,0.592,0.00,0.84,0.73
5/6/2023 10:44,1.722,0.585,0.00,0.84,0.73
5/6/2023 10:59,1.773,0.637,0.00,0.87,0.75
5/6/2023 11:14,1.714,0.577,0.00,0.83,0.73
5/6/2023 11:29,1.684,0.547,0.00,0.82,0.71
5/6/2023 11:44,1.679,0.542,0.00,0.82,0.71
5/6/2023 11:59,1.663,0.525,0.00,0.81,0.70
5/6/2023 12:14,1.657,0.519,0.00,0.80,0.70
5/6/2023 12:29,1.599,0.460,0.00,0.77,0.68
5/6/2023 12:44,1.568,0.429,0.00,0.75,0.66
5/6/2023 12:59,1.569,0.429,0.00,0.75,0.66
5/6/2023 13:14,1.610,0.471,0.00,0.78,0.68
5/6/2023 13:29,1.523,0.383,0.00,0.73,0.64
5/6/2023 13:44,1.520,0.379,0.00,0.73,0.64
5/6/2023 13:59,1.526,0.386,0.00,0.73,0.64
5/6/2023 14:14,1.485,0.344,0.00,0.71,0.63
5/6/2023 14:29,1.516,0.376,0.00,0.73,0.64
5/6/2023 14:44,1.462,0.321,0.00,0.70,0.62
5/6/2023 14:59,1.463,0.321,0.00,0.70,0.62
5/6/2023 15:14,1.410,0.268,0.00,0.67,0.59
5/6/2023 15:29,1.422,0.279,0.00,0.67,0.60
5/6/2023 15:44,1.351,0.208,0.00,0.63,0.57
5/6/2023 15:59,1.327,0.184,0.00,0.62,0.55
5/6/2023 16:14,1.297,0.153,0.00,0.60,0.54
5/6/2023 16:29,1.174,0.028,0.00,0.54,0.49
5/6/2023 16:44,1.097,0.000,0.00,0.49,0.45
5/6/2023 16:59,1.053,0.000,0.00,0.47,0.43
5/6/2023 17:14,1.058,0.000,0.00,0.47,0.43
5/6/2023 17:29,1.036,0.000,0.00,0.46,0.43
5/6/2023 17:44,1.064,0.000,0.00,0.48,0.44
5/6/2023 17:59,1.131,0.000,0.00,0.51,0.47
5/6/2023 18:14,1.165,0.018,0.00,0.53,0.48
5/6/2023 18:29,1.215,0.070,0.00,0.56,0.50
5/6/2023 18:44,1.271,0.127,0.00,0.59,0.53
5/6/2023 18:59,1.250,0.106,0.00,0.58,0.52
